File,api_summary,Gavin #1,Andrew #1,Gavin #2,Andrew #2,,
cloned/bugsnag-js/test/react-native/features/fixtures/rn0.68-hermes/android/app/src/main/java/com/reactnative/newarchitecture/MainApplicationReactNativeHost.java,This file is part of a React Native application using the New Architecture. It does not explicitly define any REST API endpoints.,,No,,Yes,,
cloned/bugsnag-js/packages/plugin-react-native-client-sync/client-sync.js,"This file is a wrapper for the Bugsnag library, providing additional features such as synchronization with native events and handling of user, context, and feature flag updates. However, it does not define any explicit REST API endpoints.",,No,,Yes,,
cloned/bugsnag-js/packages/electron-test-helpers/src/BrowserWindow.ts,"This file defines a set of classes and functions related to the Electron framework. It provides a way to create and manage browser windows, but does not define any REST API endpoints.",,No,,Yes,,
cloned/wazo-auth/wazo_auth/database/alembic/versions/ef31dc4a87f6_default_user_add_presence_update_event_.py,"This file is a part of the Wazo platform, which is a communication platform for businesses. It is used to manage user presence update events by adding an Access Control List (ACL) for these events. The ACL is used to control who can access these events based on policies.",,No,,Yes,,
cloned/data-act-broker-backend/tests/unit/dataactvalidator/test_a2_appropriations.py,"This Python file contains unit tests for a data validation system. It tests the calculation of TotalBudgetaryResources_CPE based on various factors including BudgetAuthorityAppropriatedAmount_CPE, BudgetAuthorityUnobligatedBalanceBroughtForward_FYB, AdjustmentsToUnobligatedBalanceBroughtForward_CPE, OtherBudgetaryResourcesAmount_CPE, and SF 133 Line 1902. The tests are organized into success and failure scenarios.",,No,,Yes,,
cloned/data-act-broker-backend/dataactcore/migrations/versions/73db7d2cc754_add_award_procurement.py,"This file defines a database migration script using Alembic, a database migration tool. It includes two upgrade and downgrade functions, each of which creates and drops a table named 'award_procurement'. The table has numerous columns, each representing a field in the 'award_procurement' data. The script also includes indexes for the 'submission_id' and 'job_id' fields.",,Yes,,Yes,,
cloned/ccpay-payment-app/api/src/test/java/uk/gov/hmcts/payment/api/domain/service/IdempotencyServiceImplTest.java,"This file contains JUnit tests for the IdempotencyServiceImpl class. It tests various methods of the class, including findTheRecordByIdempotencyKey, findTheRecordByRequestHashcode, filterRecordsWithAcceptableLiberataHttpResponse. These tests are used to verify the correctness of the implementation of the IdempotencyService interface.",,No,,Yes,,
cloned/saleor/saleor/tests/e2e/product/test_product_no_longer_on_promotion_when_promotion_is_removed.py,"This Python script is a set of end-to-end tests for a product promotion feature in a e-commerce platform. It tests the functionality of creating, retrieving, updating, and deleting promotions. It also tests the functionality of recalculating discounted prices for products.",,No,,Yes,,
cloned/saleor/saleor/tests/e2e/checkout/discounts/vouchers/test_checkout_unable_to_use_expired_voucher.py,"This Python script is part of a Django-based application, which includes functionalities for managing vouchers and checkouts. It provides functionalities for creating, updating, and managing checkouts, including applying vouchers and creating dummy payments. However, it does not define any explicit REST API endpoints.",,Yes,,Yes,,
cloned/saleor/saleor/core/db/tests/test_postgres_json_concatenate.py,"This Python file contains a set of tests for a Django application. The tests are written using pytest and are focused on the 'CheckoutMetadata' model and its 'metadata_storage' attribute. The tests cover various scenarios of updating the 'metadata' field of 'CheckoutMetadata' instances, including adding new keys, updating existing keys, adding multiple new keys, handling 'None' values, and empty dictionaries. The tests also cover the case where the same value is saved without any change, and the case where an existing key is updated to 'None'. The tests are designed to test the 'PostgresJsonConcatenate' expression, which is used to concatenate JSON objects.",,No,,Yes,,
cloned/saleor/saleor/graphql/product/mutations/product/product_media_delete.py,"This API provides the ability to delete a product media. It triggers events related to the product and media deletion. The API uses GraphQL, a query language for interacting with data from APIs. The API is part of a larger e-commerce system.",,Yes,,No,,
cloned/saleor/saleor/graphql/warehouse/mutations/warehouse_shipping_zone_assign.py,"This Python file defines a Django model and a mutation class for managing warehouse data. It includes operations for assigning shipping zones to warehouses, with validation checks to ensure the zones have common channels with the warehouse.",,Yes,,Yes,,
cloned/saleor/saleor/graphql/meta/mutations/base.py,"This Python file defines a set of GraphQL mutations related to metadata handling. It includes operations for managing metadata, private metadata, and permissions. The metadata is associated with various models such as Checkout, Order, and ShippingMethod. The file also includes utility functions for validating metadata instances and handling errors.",,Yes,,Yes,,
cloned/saleor/saleor/graphql/attribute/mutations/mixins.py,"This Python file defines a Django model for attributes, which are used to categorize products. It includes methods for cleaning attribute values, validating them, and saving them. It also includes methods for cleaning attribute settings and saving many-to-many relationships.",,No,,Yes,,
cloned/saleor/saleor/graphql/tax/mutations/tax_country_configuration_delete.py,This API provides the ability to delete all tax class rates for a specific country. It uses a GraphQL mutation to perform the operation. The country to delete is specified in the 'country_code' parameter.,,Yes,,No,,
cloned/daos/src/tests/ftest/util/dfuse_utils.py,"This file defines a set of Python classes related to DAOS and DFuse, which are used for managing and accessing distributed storage systems. It does not explicitly define any REST API endpoints.",,No,,Yes,,
cloned/daos/src/control/server/instance_storage.go,"This file defines the server package for a distributed analytics operation system (DAOS). It provides functionalities for managing storage, including mounting and formatting of SCM (Single-Chip Module) devices and control metadata. The system also provides functionalities for managing instance storage and retrieving SCM usage information.",,No,,Yes,,
cloned/daos/src/control/cmd/daos/container.go,"This Python script is a part of the DAOS (Data-At-Object-Scale) system. It provides a set of commands for managing and interacting with DAOS containers. It includes commands for creating, listing, destroying, querying, and managing container properties and attributes. It also includes commands for managing container snapshots and object integrity checks.",,No,,Yes,,
cloned/daos/src/control/vendor/github.com/desertbit/readline/utils_windows.go,"This file contains a set of utility functions for interacting with the console, primarily focused on Windows systems. It does not define any REST API endpoints.",,No,,Yes,,
cloned/daos/src/control/vendor/github.com/golang/protobuf/proto/proto.go,"This file defines functionality for handling protocol buffer messages. It provides marshaling and unmarshaling between a protobuf message and the binary wire format. It also provides functionalities for handling messages of the same type, comparing messages, and checking if a message is a message set.",,No,,Yes,,
cloned/daos/src/control/vendor/golang.org/x/sys/unix/zsysnum_linux_loong64.go,"This file defines a set of constants representing various system calls. These system calls are used in the Linux kernel for various operations such as file I/O, process management, and more.",,No,,Yes,,
cloned/daos/src/control/vendor/golang.org/x/net/http2/writesched.go,"This file defines the HTTP/2 write scheduler interface and related types. It includes interfaces for managing stream operations, frame writing requests, and a queue for managing write requests.",,No,,Yes,,
cloned/daos/src/control/vendor/google.golang.org/grpc/internal/credentials/spiffe.go,This file contains APIs for parsing SPIFFE ID. It uses TLS connection state and x509 certificates to parse the SPIFFE ID. It includes helper functions for parsing the SPIFFE ID from the state and certificate.,,Yes,,No,,
cloned/daos/src/control/vendor/google.golang.org/grpc/balancer/base/balancer.go,"This file defines the base components for a gRPC balancer. It includes functionality for managing connections, handling errors, and building a picker for selecting SubConns.",,No,,Yes,,
cloned/daos/src/control/vendor/google.golang.org/protobuf/internal/filetype/build.go,"This Python file defines a Builder struct and related types for working with Protobuf type descriptors. It provides functionality for constructing type descriptors from raw file descriptors and associated Go types, and for managing dependencies. It also provides functionality for building the output of the builder and resolving dependencies by index.",,No,,No,,
cloned/daos/src/control/vendor/google.golang.org/protobuf/types/known/durationpb/duration.pb.go,"This file defines the Duration message, which represents a signed, fixed-length span of time. It includes methods for converting to and from a time.Duration, checking validity, and JSON mapping.",,No,,Yes,,
cloned/daos/src/control/build/interop_test.go,"This file contains tests for the build package in the DAOS project. It tests the NewVersionedComponent and CheckCompatibility functions, which are used to manage and check the compatibility of different components in the build system. The tests are written using the testing package in Go. The tests cover a wide range of scenarios, including invalid inputs, version compatibility checks, and custom interop rules.",,No,,Yes,,
cloned/daos/src/control/common/proto/mgmt/cont.pb.go,This file defines a set of gRPC services related to container management. It includes a service to change the ownership of a container.,,No,,Yes,,
cloned/liberty-bikes/game-service/src/main/java/org/libertybikes/game/core/GameRound.java,"This Java code defines a game round with various functionalities such as game start, player addition, game tick, and more. It also includes functionalities for managing game lifecycle, player stats, and more.",,No,,Yes,,
cloned/liberty-bikes/frontend/prebuild/src/app/app.module.ts,"This Angular application provides a user interface for a game. It allows users to login, play the game, view leaderboards, and control game settings. The game state is managed by the server and synchronized across all clients.",,No,,Yes,,
cloned/micronaut-microservices-poc/dashboard-service-api/src/main/java/pl/altkom/asc/lab/micronaut/poc/dashboard/service/api/v1/queries/getagentssalesquery/GetAgentsSalesQueryResult.java,This service provides sales data for agents. It provides a map of sales data for each agent. The map is keyed by agent names and the values are instances of `SalesDto`.,,No,,Yes,,
cloned/micronaut-microservices-poc/payment-service-api/src/main/java/pl/altkom/asc/lab/micronaut/poc/payment/service/api/v1/PolicyAccountBalanceDto.java,"This file defines a DTO (Data Transfer Object) named PolicyAccountBalanceDto. It represents a policy account balance with various details such as policy account number, policy number, balance, creation date, and update date. It is used in the context of a financial system where policy account balances are managed.",,No,,Yes,,
cloned/neurone/server/contentLoader/contentLoader.js,This file contains two static methods that load data from JSON files into a database. The methods loadQuestions and loadSettings read data from JSON files and upsert it into the database. The data can be used for initial setup or updating the application's settings.,,No,,Yes,,
cloned/milvus/tests/integration/import/binlog_test.go,"This Python file contains a suite of tests for a Milvus database system. It tests the functionality of the system, including creating collections, inserting data, deleting data, and querying data. It also tests the import of binlogs and l0 imports. The suite uses the pytest framework and includes tests for creating collections, inserting data, deleting data, querying data, and importing binlogs and l0 imports.",,No,,No,,
cloned/milvus/tests/python_client/milvus_client_v2/test_milvus_client_search_group_by.py,"This Python script is a test suite for Milvus, a vector database. It tests various functionalities of the Milvus system, including search group by, error handling, and index types. It also tests the Milvus system's ability to handle different data types and structures.",,No,,Yes,,
cloned/milvus/tests/python_client/rate_limit/test_rate_limit.py,"This Python script tests the rate limit functionality of Milvus, a vector database. It creates and drops collections at a rate limited by the 'collection_rate_limit' parameter, and checks for rate limit exceptions when the rate limit is enabled. The rate limit period is 61 seconds.",,No,,Yes,,
cloned/milvus/internal/util/dependency/factory.go,"This file defines a set of services related to message queue management. It provides functionalities for creating and managing message streams, as well as chunk managers for persistent storage. The services are designed to be used in Milvus, an open-source vector database.",,No,,Yes,,
cloned/milvus/internal/util/cgo/futures_test.go,"This Python file contains tests for a concurrent programming model named 'cgo'. It tests the behavior of futures, including successful and failed cases, as well as concurrent execution. The tests involve creating and managing futures, which are used to encapsulate asynchronous computations. The tests also involve managing context cancellation and timeouts.",,No,,No,,
cloned/milvus/internal/util/function/bedrock_text_embedding_provider_test.go,"This Python file contains tests for the BedrockTextEmbeddingProvider. It tests the CallEmbedding method, which is used to generate embeddings for text data. It also tests the creation of a BedrockEmbeddingProvider, which is responsible for creating the embeddings. The tests cover different scenarios, including embedding dimensions not matching, parsing credentials, creating Bedrock clients, and creating Bedrock providers.",,No,,No,,
cloned/milvus/internal/storage/event_header.go,"This file contains the implementation of storage related functionalities in Milvus, a unified, open-source vector database. It includes functionalities for handling binary serialization and deserialization of events, as well as creation of new event headers. However, it does not define any REST API endpoints.",,No,,No,,
cloned/milvus/internal/streamingnode/server/wal/adaptor/wal_test.go,"This file contains tests for the Milvus streaming node's Write-Ahead Log (WAL) functionality. It tests the WAL's ability to handle concurrent write operations, error handling, and recovery from failures.",,No,,Yes,,
cloned/milvus/internal/streamingnode/server/wal/adaptor/recovery_stream.go,"This file defines the adaptor for the streaming node in Milvus, a distributed vector database. It provides functionalities for building and executing recovery streams, which are used to recover data from the write ahead log (WAL) during system failures. The adaptor also provides functionalities for reading from the WAL and closing the recovery stream.",,No,,Yes,,
cloned/milvus/internal/streamingnode/server/wal/utility/txn_buffer_test.go,"This file contains tests for the transaction buffer in the Milvus system. It tests the handling of immutable messages, including insert, begin, commit, and rollback messages. The tests cover successful commit, rollback, and expired transaction scenarios.",,No,,Yes,,
cloned/milvus/internal/streamingnode/client/handler/consumer/consumer_test.go,"This file contains tests for a consumer implementation in the Milvus project. It tests the consumer's ability to consume messages from a streaming channel and handle them appropriately. The tests include a basic test of the consumer, a test with cancellation, and a mocked consumer implementation. The tests cover a variety of message types including insert, begin transaction, commit transaction, and more.",,No,,Yes,,
cloned/milvus/internal/querycoordv2/job/scheduler.go,"This file defines a job scheduler for managing jobs within the same collection sequentially. It uses a Scheduler struct to schedule jobs and manage job queues. The Scheduler struct has methods for starting, stopping, adding jobs, and scheduling jobs.",,No,,Yes,,
cloned/milvus/internal/rootcoord/rbac_task.go,"This file defines the rootcoord package, which is part of the Milvus system. It includes functionalities for managing user roles, privileges, and credentials. It also includes tasks for executing operations on these entities.",,Yes,,Yes,,
cloned/milvus/pkg/util/cache/cache.go,"This file defines a cache system with lazy loading and eviction policies. It provides a mechanism to load data on demand and automatically evicts data that is not being used to save space. The cache system also supports pinning and unpinning of items, where pinned items are not evicted even if they are not being used. The cache system also supports reloading of items if they are marked for reload.",,No,,Yes,,
cloned/milvus/pkg/metrics/meta_metrics.go,"This file defines metrics related to the operation of the Milvus system. It includes metrics related to the size of KV pairs, request latency, and the count of operations. The metrics are registered with a Prometheus registry.",,No,,Yes,,
cloned/milvus/pkg/mq/msgdispatcher/client.go,"This file defines a Go client for a message dispatcher system. It provides functionalities for registering and deregistering message streams, and managing dispatcher managers. The client is designed to work with a message stream factory and uses a concurrent map to manage dispatcher managers.",,Yes,,Yes,,
cloned/milvus/pkg/mq/msgstream/msg_for_database.go,"This Go code defines three types of messages for managing databases in a distributed system. The messages are used to create, drop, and alter databases. The messages are serialized and deserialized using Google's Protocol Buffers (protobuf).",,Yes,,Yes,,
cloned/milvus/pkg/mocks/proto/mock_streamingpb/mock_StreamingCoordAssignmentService_AssignmentDiscoverClient.go,"This file defines a mock for the StreamingCoordAssignmentService_AssignmentDiscoverClient interface. It provides mock methods for CloseSend, Context, Header, Recv, RecvMsg, Send, SendMsg, and Trailer. The purpose of these methods is to simulate the behavior of a gRPC client for Milvus's StreamingCoordAssignmentService.",,Yes,,Yes,,
cloned/OpenDSA/khan-exercises/third_party/MathJax/2.1/jax/output/HTML-CSS/autoload/mtable.js,"This file contains a JavaScript file for the MathJax library, a popular JavaScript library for rendering mathematical equations in web browsers. It defines a complex set of mathematical equations and provides a variety of functionalities for rendering these equations. However, this file does not explicitly define any REST API endpoints.",,No,,Yes,,
cloned/OpenDSA/khan-exercises/local-only/localeplanet/icu.el-CY.js,"This JavaScript file provides internationalization (i18n) functionality for the Greek language in Cyprus. It provides functions for formatting dates, numbers, and symbols used in the language and country combination.",,No,,Yes,,
cloned/OpenDSA/khan-exercises/local-only/localeplanet/icu.uz-AF.js,"This JavaScript file contains a set of internationalization (i18n) functions for handling date and number formatting in various countries and languages. It provides functions for getting country and language information, as well as formatting functions for dates and numbers.",,No,,Yes,,
cloned/OpenDSA/khan-exercises/local-only/localeplanet/icu.lo.js,"This JavaScript file contains a set of utility functions for handling internationalization (i18n) and localization (l10n) related tasks. It provides functions for formatting dates, numbers, and other data according to the user's locale settings.",,No,,Yes,,
cloned/OpenDSA/lib/CodeMirror-5.5.0/mode/tcl/tcl.js,"This file defines a Tcl mode for CodeMirror, a code editor. It defines a mode for Tcl programming language and also defines MIME type for Tcl files.",,No,,Yes,,
cloned/OpenDSA/Exercises/Graphics/SimpleExerciseTestWithCanvas.js,"This JavaScript file is a part of a graphics rendering application using WebGL for rendering 2D graphics. It initializes a WebGL context, sets up the viewport, clears the color buffer, and loads shaders. It also renders a simple 2D fan-shaped polygon.",,No,,Yes,,
cloned/OpenDSA/AV/Obsolete/FL_resources/Minimizer.js,This file defines a JavaScript object named Minimizer. It includes methods for minimizing a Directed Acyclic Graph (DFA) using a technique called DFA minimization. The DFA is represented as a graph and the minimization process involves splitting nodes in the graph to minimize the number of states.,,No,,Yes,,
cloned/OpenDSA/SourceCode/Java/Graphs/GraphL.java,"This code defines a GraphL class in Java. It represents a graph data structure with nodes and edges. The graph can store values for each node and has methods to add, remove, and check for edges between nodes. The graph is implemented using a doubly linked list to store the edges.",,No,,Yes,,
cloned/oasis/frontend/src/utils.js,"This file contains a JavaScript file that interacts with a REST API using the fetch API. The API endpoints are defined in the 'api' function, which takes a path and an optional payload. The 'getGeocoding' function is also defined, which uses the Mapbox Geocoding API to get geographical coordinates based on city, state, and country.",,Yes,,Yes,,
cloned/hands-on-microservices-with-typescript-3/4.1_Dockerization/Songs/src/app.ts,"This service provides a REST API for managing songs. It provides endpoints to get all songs, get a song by id, and search for songs. The service listens on port 3000.",,Yes,,Yes,,
cloned/Twitch_Bot/web/routes/docs.py,"This API provides authentication and authorization functionalities for users. It includes endpoints for user login, token generation, logout, and documentation retrieval. The API uses OAuth2 for authentication and FastAPI for routing.",,Yes,,Yes,,
cloned/fullstack-javascript-architecture/backend/api/src/modules/email/send.js,This file contains a set of utility functions for sending emails. It uses nodemailer for sending emails and MongoDB for storing sent emails.,,Yes,,Yes,,
cloned/fullstack-javascript-architecture/frontend/app/mobile/src/modules/user/api/state/auth.js,"This code defines a Redux store for managing authentication state in a React application. It includes actions for setting the user, requesting login, responding to login, and logging out. The state includes whether an error occurred, whether the request is loading, whether the user is authenticated, and the user's details.",,Yes,,Yes,,
cloned/Farmbot-Web-App/frontend/__test_support__/fake_bot_data.ts,"This file contains utility functions for creating mock data for various types such as BotSize, BotLocationData, MovementState, BytesProgress, JobProgress, and PercentageProgress. These functions are used for testing and development purposes.",,No,,Yes,,
cloned/multicloud-k8s/src/orchestrator/pkg/rtcontext/rtcontext.go,This Python code defines a set of functions for managing runtime context in a distributed system. The context is stored in an etcd-like database and can be manipulated using various functions. The context is used to store metadata about the runtime environment and can be used to manage resources and instructions.,,No,,No,,
cloned/capstone/capstone/config/celery.py,"This file is a configuration for a Celery application. It sets up the Celery application, including the settings for the application, resource limits, and the tasks to be executed. It does not define any REST API endpoints.",,No,,Yes,,
cloned/capstone/capstone/static/dist/assets/vueComponentNormalizer.7ffcf611.js,,,No,,No,,
cloned/grand-challenge.org/app/grandchallenge/reader_studies/migrations/0010_auto_20210512_1437.py,"This file is a Django migration file, not a REST API endpoint. It is used to alter the database schema.",,No,,Yes,,
cloned/grand-challenge.org/app/grandchallenge/algorithms/migrations/0002_auto_20201214_0939.py,"This file is a Django migration file, not a REST API endpoint. It is used to create and manage the database schema for the 'algorithm' model in the 'modalities', 'anatomy', 'publications', and 'algorithms' apps. It defines the relationships between the 'algorithm' model and the 'imagingmodality', 'publication', and 'bodystructure' models.",,No,,Yes,,
cloned/flagr/swagger_gen/restapi/operations/flagr_api.go,"Flagr is a feature flagging, A/B testing and dynamic configuration microservice. It provides operations for managing flags, segments, variants, constraints, and tags. The base path for all the APIs is ""/api/v1"".",,Yes,,Yes,,
cloned/flagr/swagger_gen/restapi/operations/export/get_export_eval_cache_json.go,This API provides a JSON format of the eval cache dump. It allows users to retrieve the current state of the eval cache for analysis or debugging purposes.,,Yes,,Yes,,
cloned/flagr/swagger_gen/restapi/operations/variant/delete_variant_parameters.go,"This API provides endpoints for managing feature flag variants. It allows users to create, read, update, and delete variants associated with a specific feature flag. The API uses HTTP methods such as GET, POST, PUT, and DELETE to interact with the data.",,Yes,,Yes,,
cloned/ashirt-server/backend/errors.go,"This file defines a set of utility functions for handling HTTP errors, including custom error types and error wrapping functions. It also provides functions for handling common types of HTTP errors, such as Bad Request, Internal Server Error, and Unauthorized. The file also includes functions for handling specific types of errors, such as Invalid Password and Invalid Credentials. The file also includes functions for handling deprecated features and errors related to Web Authentication.",,Yes,,Yes,,
cloned/kapua/qa/integration/src/test/java/org/eclipse/kapua/integration/misc/CredentialDAOTest.java,"This file contains tests for the CredentialDAO class in the Kapua project. It tests the creation, updating, querying, and deletion of Credential objects. It also tests various error conditions.",,No,,Yes,,
cloned/kapua/service/scheduler/api/src/main/java/org/eclipse/kapua/service/scheduler/trigger/fired/FiredTriggerService.java,"This file defines the FiredTriggerService interface, which is a KapuaEntityService for managing fired triggers. It provides methods for querying fired triggers based on provided KapuaQuery objects.",,Yes,,Yes,,
cloned/kapua/service/camel/src/main/java/org/eclipse/kapua/service/camel/converter/AbstractKapuaConverter.java,"This Python file defines a set of classes and functions for converting incoming messages from a Camel-based system to a Kapua-specific message format. It includes classes for handling JMS messages, converting them to a device-specific protocol, and then converting those messages to Kapua messages.",,No,,Yes,,
cloned/kapua/service/device/registry/api/src/main/java/org/eclipse/kapua/service/device/registry/connection/option/DeviceConnectionOptionFactory.java,This Python file defines a factory interface for creating and querying device connection options. It does not define any REST API endpoints.,,No,,Yes,,
cloned/kapua/service/commons/elasticsearch/client-rest/src/main/java/org/eclipse/kapua/service/elasticsearch/client/rest/RestElasticsearchClient.java,"This Python file defines a REST client for Elasticsearch. It provides methods for inserting, updating, querying, and deleting data in Elasticsearch. It also provides methods for managing Elasticsearch indexes and mappings.",,Yes,,No,,
cloned/kapua/commons/src/main/java/org/eclipse/kapua/commons/storage/memory/KapuaEntityInMemoryRepository.java,This file defines a generic in-memory repository for Kapua entities. It provides CRUD operations for entities and supports querying and sorting. The repository is designed to be used in a Kapua system.,,Yes,,Yes,,
cloned/sprout-platform/backend/modules/wiki/src/main/java/net/savantly/sprout/wiki/repository/WikiItemRepository.java,This API provides CRUD operations for the WikiItem entity. It also provides a custom endpoint for fetching all WikiItems with no content. The API is paginated and supports sorting.,,Yes,,Yes,,
cloned/sprout-platform/backend/starters/sprout-spring-boot-starter/src/main/java/net/savantly/sprout/domain/proxy/ProxyRequestDto.java,"This Java file defines a Data Transfer Object (DTO) named ProxyRequestDto. It is used to encapsulate a request to be made to a remote server. The request includes the URL, HTTP method, request body, and headers. The DTO is part of the Sprout project, a microservices architecture for agile development.",,Yes,,Yes,,
cloned/sprout-platform/frontend/libs/sprout-ui/src/utils/colors.ts,"This file contains a set of utility functions for handling color operations. It includes functions for sorting colors by hue, converting between hex and hsl color formats, and a list of predefined colors to sort.",,No,,Yes,,
cloned/engine/libs/@blockprotocol/graph/src/codegen/context/postprocess.ts,"This file defines a set of classes and types for handling data types, property types, entity types, and metadata schemas. It also provides a context for post-processing these types, including methods for logging and managing dependencies between types.",,No,,Yes,,
cloned/engine/libs/@local/hash-isomorphic-utils/src/blocks.ts,This file defines a set of utility functions for working with block metadata and schema files. It also provides a cache for promises to ensure multiple requests for the same block in rapid succession don't cause multiple web requests. The file also includes functions for handling URLs and block compatibility checks.,,No,,Yes,,
cloned/engine/libs/@local/harpc/client/typescript/src/wire-protocol/models/request/RequestBegin.ts,"This file defines a set of data types and functions related to the wire protocol used in the system. It includes types for RequestBegin, which represents a request to begin a procedure in a subsystem. The RequestBegin type includes fields for the subsystem, procedure, and payload.",,Yes,,No,,
cloned/engine/apps/hash-frontend/src/components/grid/utils/draw-text-with-icon.ts,"This file contains a function `drawTextWithIcon` that is used to draw text with an icon on a canvas. It uses the `args.spriteManager.drawSprite` method to draw the icon, which could be considered as a REST API endpoint.",,Yes,,No,,
cloned/engine/apps/hash-ai-worker-ts/src/activities/flow-activities/answer-question-action.ts,"This file defines a set of tools and actions for data analysis and question answering. It includes a Python code execution tool and a question answering action. The question answering action uses the tools to generate an answer, explanation, and confidence score based on the provided data and question. The Python code execution tool runs Python code to analyze the data and provide an explanation.",,Yes,,Yes,,
cloned/weaviate/adapters/repos/db/aggregator/boolean.go,"This code is part of a GoLang package named 'aggregator'. It provides an aggregator for boolean values, with methods to add boolean values and rows of boolean values, and to retrieve the aggregated results. It uses binary data to parse boolean values and counts the number of true and false values.",,No,,Yes,,
cloned/weaviate/adapters/handlers/rest/authz/mock_controller_and_get_users.go,"This file defines a mock type for an authentication and authorization controller. It includes methods for managing roles and permissions, as well as getting and setting user roles. The file also includes methods for managing roles and permissions, as well as getting and setting user roles.",,Yes,,Yes,,
cloned/weaviate/usecases/auth/authorization/types.go,"This Python file defines the authorization module for a Weaviate server. It includes functionalities for managing roles, users, and permissions. It also provides functionalities for managing cluster, nodes, collections, data, and tenants.",,Yes,,Yes,,
cloned/weaviate/usecases/telemetry/telemetry.go,"This Python script is a telemetry service for a Weaviate server. It collects and sends usage data to a specified consumer URL. The data includes machine ID, version, object count, OS, architecture, used modules, and collections count. The telemetry service runs in the background and sends updates at a specified interval.",,Yes,,Yes,,
cloned/weaviate/entities/cyclemanager/interval.go,"This file contains the implementation of a cycle manager for a database system. It manages various tasks such as compaction, memtable flushing, geographic commit logging, and HNSW commit logging. The tasks are managed using a fixed ticker and exponential intervals.",,No,,Yes,,
cloned/weaviate/entities/errors/error_group_wrapper.go,"This file is part of the Weaviate B.V. system, a semantic search engine. It contains error handling and context management functionalities for concurrent execution and error recovery.",,No,,Yes,,
cloned/weaviate/grpc/generated/protocol/v0/batch.pb.go,"This file defines the Weaviate gRPC protocol, which is used for communication between Weaviate and other services. It includes two message types: BatchObjectsRequest and BatchObjectsReply, which are used for batch operations on objects in Weaviate.",,Yes,,Yes,,
cloned/weaviate/client/backups/backups_cancel_parameters.go,"This file defines a REST API for managing backups in a Weaviate instance. It provides endpoints for creating, listing, retrieving, and deleting backups. The API uses the go-swagger framework for code generation.",,Yes,,Yes,,
cloned/weaviate/client/batch/batch_client.go,"This file defines a REST API client for a Weaviate B.V. system. It provides functionalities to create, delete, and manage objects and references in the system. The API supports batch operations for efficient data manipulation.",,Yes,,Yes,,
cloned/weaviate/cluster/replication/types/mock_replica_copier.go,"This file defines a set of mock types for testing purposes. It includes interfaces and methods for managing asynchronous replication of data across nodes, including adding, removing, and managing replication targets, checking replication status, and copying replica files. It also includes methods for initializing and reverting local shards.",,No,,Yes,,
cloned/weaviate/cluster/router/router_fsm_test.go,"This file contains tests for the Weaviate cluster router. It tests the read and write routing of the cluster, including different states of the replication operation. The tests are designed to cover all possible states of the replication operation, including registered, hydrating, finalizing, ready, dehydrating, and cancelled states. The tests also test the routing plan building process with different numbers of nodes and different states of the replication operation.",,No,,Yes,,
cloned/weaviate/modules/text2vec-contextionary/additional/additional_arguments.go,"This code defines several GraphQL fields that could potentially be part of a REST API. However, it does not explicitly define any REST API endpoints.",,Yes,,Yes,,
cloned/streaming-online-analytics-demo/web/javascript/orderView/orderActions.js,"This code is part of a Redux-based JavaScript application using Redux Thunk for handling asynchronous actions. It uses jQuery's $.ajax method to make HTTP requests. However, it does not define any HTTP methods or URL paths.",,Yes,,Yes,,
cloned/spring-microservices/applications/passport-service/src/main/java/ro/rasel/spring/microservices/passportservice/controller/PassportApi.java,This API provides endpoints for managing passports. It allows users to retrieve their passport information using the GET method at the '/v1/users/{userId}/passport' endpoint.,,Yes,,Yes,,
cloned/tribunals-case-api/definitions/test/pages/postponement.page.ts,"This file defines a class named PostponementPages that interacts with a webpage using Playwright, a Node.js library for automating Chromium, Firefox and WebKit with a single API. It verifies the page content, inputs data, and submits forms. The API is used for managing postponement requests on a court case management system.",,Yes,,Yes,,
cloned/tribunals-case-api/src/main/java/uk/gov/hmcts/reform/sscs/evidenceshare/service/BulkPrintService.java,This Java service provides functionality for sending documents to the bulk print service. It uses the SendLetterApi to send letters with PDFs. The service also provides functionality for bundling letters with a cover sheet and for sending letters with reasonable adjustments. The service is conditionally enabled based on the 'send-letter.enabled' property.,,Yes,,Yes,,
cloned/tribunals-case-api/src/main/java/uk/gov/hmcts/reform/sscs/ccd/presubmit/IssueDocumentHandler.java,"This Python file defines a class named IssueDocumentHandler. It is part of the HMCTS Reform system, specifically the SSCS (Supplementary Service Claims) module. The class is responsible for handling the issuance of documents related to the case, such as notice of issue, decision notice, and adjournment notice. It includes methods for creating payloads, generating documents, and managing the case data.",,Yes,,No,,
cloned/tribunals-case-api/src/main/java/uk/gov/hmcts/reform/sscs/ccd/presubmit/processaudiovideo/ProcessAudioVideoEvidenceAboutToSubmitHandler.java,"This file defines a Spring Boot service that handles pre-submit callbacks for the 'Process Audio/Video Evidence' event. It handles various actions such as issuing direction notices, admitting evidence, excluding evidence, sending to judge, and sending to admin. It also handles the state transitions for the Interloc Review process and updates the DWP state accordingly.",,Yes,,Yes,,
cloned/tribunals-case-api/src/main/java/uk/gov/hmcts/reform/sscs/config/RetryTemplateConfig.java,This file contains the configuration for the RetryTemplate bean in the Spring framework. It sets up a retry policy with a fixed backoff period of 2000 milliseconds. This configuration is used to manage the retries of operations in the system.,,Yes,,Yes,,
cloned/tribunals-case-api/src/functionalTest/java/uk/gov/hmcts/reform/sscs/bulkscan/BaseFunctionalTest.java,"This file defines a set of functional tests for a Spring Boot application. It uses RestAssured for HTTP requests and JUnit for testing. It includes methods for setting up the test environment, simulating callbacks from the Case Data API, creating cases, finding cases, and validating response data. It also includes methods for generating random NINOs and replacing placeholders in JSON data.",,No,,Yes,,
cloned/tribunals-case-api/src/test/java/uk/gov/hmcts/reform/sscs/util/SerializeJsonMessageManager.java,"This file defines a set of JSON message templates for use in the HMCTS Reform system. These templates are used to serialize and deserialize case data in the system. The templates are grouped into an enum called SerializeJsonMessageManager, with each group representing a different type of case data.",,No,,Yes,,
cloned/tribunals-case-api/src/test/java/uk/gov/hmcts/reform/sscs/bulkscan/validators/FormTypeValidatorTest.java,"This file contains JUnit tests for the FormTypeValidator class in the uk.gov.hmcts.reform.sscs.bulkscan.validators package. It tests the validate method of the FormTypeValidator class with various test cases to ensure it can handle different types of input and return the expected results. The tests cover a wide range of scenarios, including valid and invalid key-value pairs, different types of exceptions, and different form types.",,No,,Yes,,
cloned/tribunals-case-api/src/test/java/uk/gov/hmcts/reform/sscs/helper/mapping/HearingsPanelMappingTest.java,"This file contains a set of unit tests for the HearingsPanelMapping class in the uk.gov.hmcts.reform.sscs.helper.mapping package. It tests various methods related to panel composition and requirements for a hearing, including methods for getting panel requirements, authorisation types, preferences, and specialisms. It also tests the handling of panel members and their specialisms.",,No,,Yes,,
cloned/tribunals-case-api/src/test/java/uk/gov/hmcts/reform/sscs/ccd/presubmit/writefinaldecision/WriteFinalDecisionAboutToSubmitHandlerTestBase.java,"This file defines a set of JUnit tests for a Spring Boot application. It tests various aspects of the application, including the handling of callbacks, the generation of decision notices, and the handling of various types of events. The API endpoints are mainly used for testing purposes.",,No,,Yes,,
cloned/tribunals-case-api/src/test/java/uk/gov/hmcts/reform/sscs/ccd/presubmit/writefinaldecision/esa/EsaWriteFinalDecisionMidEventValidationHandlerTest.java,"This file contains JUnit tests for the EsaWriteFinalDecisionMidEventValidationHandler class in the sscs project. It tests various scenarios related to the validation of final decisions for Early Start Appeals (ESA) cases. It includes tests for scenarios where no awards are given, no activities are selected, and various award types are considered.",,No,,Yes,,
cloned/tribunals-case-api/src/test/java/uk/gov/hmcts/reform/sscs/service/PdfStoreServiceTest.java,This file contains tests for the PdfStoreService. It tests the upload and download functionalities of the service. It also tests the handling of exceptions when connecting to the document store. The tests cover both the regular document store and the secure document store.,,No,,Yes,,
cloned/pravega/client/src/main/java/io/pravega/client/segment/impl/SegmentSealedException.java,"This Python file contains a class definition for a custom exception, SegmentSealedException. It is used to indicate that a segment has been sealed and no more events may be written to it. The exception is a subclass of IOException, indicating that it is an input/output exception. The exception is caught and handled in the codebase to prevent further writes to the sealed segment.",,No,,Yes,,
cloned/pravega/segmentstore/server/host/src/test/java/io/pravega/segmentstore/server/host/handler/IndexRequestProcessorTest.java,"This file contains unit tests for the IndexRequestProcessor class in the Pravega project. It tests the locateOffsetForSegment, locateOffsetForSegmentWithFuture, locateTruncateOffsetForSegment, and locateTruncateOffsetForSegmentWithFuture methods. These tests verify the correctness of the findNearestIndexedOffset and locateTruncateOffsetInIndexSegment methods in the IndexRequestProcessor class.",,No,,Yes,,
cloned/pravega/segmentstore/server/src/main/java/io/pravega/segmentstore/server/logs/operations/StreamSegmentAppendOperation.java,"This Python file defines a REST API endpoint for managing StreamSegment operations in a Pravega Segment Store. It includes operations for appending data to a StreamSegment, updating attributes, and managing data integrity checks.",,Yes,,No,,
cloned/pravega/segmentstore/server/src/main/java/io/pravega/segmentstore/server/logs/operations/StreamSegmentMapOperation.java,"This file defines a REST API endpoint for managing StreamSegment operations in a Pravega SegmentStore. It includes operations for creating, reading, updating, and deleting StreamSegments. The API is used to manage the mapping of StreamSegment Names to StreamSegment Ids, and provides information about the StreamSegment's properties such as its start offset, length, and attributes.",,Yes,,Yes,,
cloned/pravega/segmentstore/server/src/main/java/io/pravega/segmentstore/server/attributes/ContainerAttributeIndexImpl.java,"This file defines the ContainerAttributeIndexImpl class, which is responsible for managing and accessing attribute indices for segments within a container. It provides methods for accessing attribute indices for specific segments, deleting attribute indices, and cleaning up attribute indices.",,No,,Yes,,
cloned/pravega/segmentstore/storage/src/test/java/io/pravega/segmentstore/storage/chunklayer/FlakyInterceptor.java,This file defines a class named 'FlakyInterceptor' which provides a mechanism for implementation that fails predictably based on provided list of FlakinessPredicate. It does not define any REST API endpoints explicitly.,,No,,Yes,,
cloned/pravega/segmentstore/storage/src/test/java/io/pravega/segmentstore/storage/chunklayer/SystemJournalOperationsTests.java,This file defines several tests for testing bootstrap functionality with SystemJournal. It includes various scenarios for testing.,,No,,Yes,,
cloned/pravega/controller/src/main/java/io/pravega/controller/server/eventProcessor/requesthandlers/UpdateReaderGroupTask.java,This file defines a REST API endpoint for managing ReaderGroup configurations. It includes endpoints for updating ReaderGroup configurations and managing subscriptions to streams.,,Yes,,Yes,,
cloned/pravega/controller/src/main/java/io/pravega/controller/store/stream/TxnWriterMark.java,"This file defines a data class that represents a writer mark generated by a Txn commit. Writers send mark information for watermarking purposes, containing time and position. This class is used in the Pravega controller to manage stream data.",,Yes,,Yes,,
cloned/pravega/controller/src/test/java/io/pravega/controller/eventProcessor/impl/ZkCheckpointStoreConnectivityTest.java,This file contains tests for the Zookeeper-based checkpoint store. It tests connectivity failures and various operations on the checkpoint store.,,No,,Yes,,
cloned/pravega/shared/cluster/src/main/java/io/pravega/common/cluster/HostContainerMap.java,"This file defines the HostContainerMap class, which is used to manage the mapping between hosts and containers. It includes methods for serializing and deserializing HostContainerMap objects, and a HostContainerMapBuilder for creating new instances of HostContainerMap.",,Yes,,Yes,,
cloned/pravega/common/src/test/java/io/pravega/common/util/RetryTests.java,"This file contains JUnit tests for the Retry utilities in the Pravega project. It tests various scenarios such as retrying on retryable exceptions, failing on non-retryable exceptions, using exponential backoff, and exhausting retries.",,No,,Yes,,
cloned/abixen-platform/abixen-platform-business-intelligence-service/src/main/java/com/abixen/platform/service/businessintelligence/multivisualisation/application/service/FileService.java,"This file contains the implementation of the FileService class, which is a Spring Boot service. It provides functionalities related to file handling and data visualization.",,Yes,,Yes,,
cloned/abixen-platform/abixen-platform-business-intelligence-service/src/main/java/com/abixen/platform/service/businessintelligence/multivisualisation/application/service/database/DatabaseH2Service.java,"This file contains a service class for managing database connections using H2, a relational database management system. It provides methods for connecting to a database, managing connections, and retrieving metadata about tables in the database.",,Yes,,Yes,,
cloned/polkabtc-js/src/types/bitcoin.ts,"This file defines various data types and interfaces for a Bitcoin network. It includes types for BlockHeader, MerkleProof, TransactionInputSource, TransactionInput, TransactionOutput, TransactionLocktime, Transaction, and TxStatus. However, it does not define any REST API endpoints.",,No,,Yes,,
cloned/train-ticket/ts-ticket-office-service/node_modules/acorn/dist/acorn_loose.js,"This Python file defines a Flask web application with several routes, but no explicit REST API endpoints are defined.",,Yes,,Yes,,
cloned/train-ticket/ts-ticket-office-service/node_modules/whatwg-url/lib/URLSearchParams.js,"This file defines a URLSearchParams class, which is used to work with the query string of a URL. It includes methods for appending, deleting, getting, setting, sorting, and converting the parameters to a string. It also provides iterators for keys, values, and entries.",,Yes,,Yes,,
cloned/train-ticket/ts-ticket-office-service/node_modules/mongodb/lib/gridfs/upload.js,"This file defines a GridFSBucketWriteStream class that extends a Writable stream. It provides functionalities to write buffers to GridFS, which is a specification for storing and retrieving large files in MongoDB. The class has methods to write data, abort the stream, and end the stream. The class also emits events such as 'close', 'error', and 'finish'.",,Yes,,Yes,,
cloned/train-ticket/ts-ticket-office-service/node_modules/mongodb/src/operations/drop.ts,This file contains the implementation of MongoDB operations related to database operations such as dropping collections and databases. It does not define any REST API endpoints explicitly.,,Yes,,Yes,,
cloned/besu/consensus/clique/src/test/java/org/hyperledger/besu/consensus/clique/CliqueDifficultyCalculatorTest.java,This file contains tests for the CliqueDifficultyCalculator class in the Hyperledger Besu project. It tests the calculation of the difficulty for the Clique consensus algorithm.,,No,,Yes,,
cloned/besu/consensus/qbft/src/test/java/org/hyperledger/besu/consensus/qbft/jsonrpc/methods/QbftGetValidatorsByBlockNumberTest.java,"This file contains tests for the QBFT consensus mechanism in the Hyperledger Besu project. It tests the QbftGetValidatorsByBlockNumber method, which retrieves the validators for a given block number. The tests cover different scenarios, including retrieving validators from a specific block, the latest block, and the pending block.",,No,,Yes,,
cloned/besu/consensus/qbft-core/src/integration-test/java/org/hyperledger/besu/consensus/qbft/core/support/RoundSpecificPeers.java,"This file defines the RoundSpecificPeers class, which is part of the Hyperledger Besu project. It is responsible for managing communication between peers in a QBFT (Quorum-based Fast Track) consensus algorithm. It provides methods for signing messages, injecting messages, and verifying received messages. It also provides methods for managing the round-specific peers, including proposer, non-proposing peers, and signing messages.",,No,,Yes,,
cloned/besu/consensus/qbft-core/src/test/java/org/hyperledger/besu/consensus/qbft/core/validation/RoundChangePayloadValidatorTest.java,"This file contains unit tests for the RoundChangePayloadValidator class in the Hyperledger Besu project. It tests the validation logic for Round Change payloads, which are used in the QBFT consensus algorithm.",,No,,Yes,,
cloned/besu/consensus/common/src/main/java/org/hyperledger/besu/consensus/common/bft/BftExtraData.java,"This file contains the BftExtraData class, which is a part of the Besu project. It is responsible for handling the extra data in the Ethereum blockchain. The extra data includes vanity data, seals, validators, vote, and round information.",,No,,Yes,,
cloned/besu/consensus/common/src/main/java/org/hyperledger/besu/consensus/common/bft/BftBlockHashing.java,"This file contains the BftBlockHashing class, which is responsible for the hashing of block headers in the Besu project. It includes methods for calculating the data hash for a committed seal, the hash of a BFT block on the blockchain, and methods for recovering committer addresses. The BftBlockHashing class also includes a static method for serializing block headers.",,No,,Yes,,
cloned/besu/consensus/ibft/src/integration-test/java/org/hyperledger/besu/consensus/ibft/tests/LocalNodeIsProposerTest.java,"This file contains tests for the IBFT consensus protocol. It tests the behavior of the local node when it is the proposer, and when it is not. It also tests the behavior of the network when a block is imported without receiving prepare messages, and when a node does not send a round change if the round times out after a block import but before a new block event.",,No,,Yes,,
cloned/besu/consensus/ibft/src/integration-test/java/org/hyperledger/besu/consensus/ibft/support/IntegrationTestHelpers.java,This file contains helper methods for integration tests related to the implementation of the IBFT consensus algorithm in the Hyperledger Besu project. It provides functionalities for creating signed commit payloads and valid prepared round artifacts.,,No,,Yes,,
cloned/besu/plugin-api/src/main/java/org/hyperledger/besu/plugin/data/ProcessableBlockHeader.java,"This file defines the interface for a ProcessableBlockHeader, which is a part of the Hyperledger Besu project. It includes methods for getting information about the block header such as parent hash, coinbase, difficulty, number, gas limit, timestamp, and optional prevRandao and baseFee. The interface also includes methods for getting information about the parent beacon block root, which is a feature that is marked as unstable.",,Yes,,Yes,,
cloned/besu/ethereum/core/src/main/java/org/hyperledger/besu/ethereum/core/TransactionReceipt.java,"This file defines the TransactionReceipt class, which is part of the Hyperledger Besu project. It is responsible for managing transaction receipts, which contain information about the execution of a transaction. The TransactionReceipt class has methods for getting the transaction type, state root, cumulative gas used, logs, logs bloom filter, status, transaction receipt type, and revert reason. It also includes methods for checking equality and hashing based on these properties.",,No,,Yes,,
cloned/besu/ethereum/api/src/main/java/org/hyperledger/besu/ethereum/api/jsonrpc/internal/parameters/WithdrawalParameter.java,"This file defines a Java class named 'WithdrawalParameter'. It is part of the Hyperledger Besu project, a popular Ethereum client. The class is used to handle withdrawal parameters related to Ethereum's sharding feature. The parameters include an index, validator index, address, and amount. The class also includes methods for converting between the parameter object and a JSON object, and for checking equality and generating a hash code.",,Yes,,Yes,,
cloned/besu/ethereum/api/src/test/java/org/hyperledger/besu/ethereum/api/jsonrpc/websocket/WebSocketMessageHandlerTest.java,"This file defines a WebSocket-based JSON-RPC API for interacting with the Ethereum blockchain. It provides methods for executing transactions, querying blockchain data, and managing subscriptions to new blocks and transactions. The API is used by clients to interact with the Ethereum network.",,Yes,,Yes,,
cloned/besu/ethereum/api/src/test/java/org/hyperledger/besu/ethereum/api/jsonrpc/websocket/subscription/SubscriptionManagerTest.java,"This file contains JUnit tests for the SubscriptionManager class. It tests various methods of the class, including subscription creation, subscription destruction, and connection management. It also tests the retrieval of subscriptions of a specific type.",,No,,Yes,,
cloned/besu/ethereum/api/src/test/java/org/hyperledger/besu/ethereum/api/jsonrpc/internal/methods/AdminGenerateLogBloomCacheTest.java,"This file contains tests for the AdminGenerateLogBloomCache class. It tests various scenarios for generating a transaction log bloom cache, including different block ranges and different block tags.",,No,,Yes,,
cloned/besu/ethereum/api/src/test/java/org/hyperledger/besu/ethereum/api/jsonrpc/internal/methods/EthSimulateV1Test.java,"This file contains tests for the EthSimulateV1 class. It tests the simulation of transactions in the Ethereum blockchain. It uses mock objects for the blockchain queries, protocol schedule, transaction simulator, mining configuration, and API configuration. It tests the response to an invalid block number.",,No,,Yes,,
cloned/besu/ethereum/api/src/test/java/org/hyperledger/besu/ethereum/api/jsonrpc/internal/methods/DebugBatchSendRawTransactionTest.java,"This file contains tests for the DebugBatchSendRawTransaction class. It tests the addTransactionViaApi method in the TransactionPool, which is used to add transactions to the transaction pool. It also tests error handling for invalid raw transaction hex and unsupported encoded `v` value.",,No,,Yes,,
cloned/besu/ethereum/p2p/src/main/java/org/hyperledger/besu/ethereum/p2p/discovery/internal/VertxTimerUtil.java,"This file contains a utility class for managing timers using Vert.x, a toolset for building reactive applications on the JVM. The class VertxTimerUtil provides methods for setting periodic and one-time timers, and cancelling timers.",,No,,Yes,,
cloned/product-collector/datamanager/criteria/components/routes.js,"This API provides endpoints for managing criteria. It includes endpoints to get all criteria, create new criteria, and delete existing criteria.",,Yes,,Yes,,
cloned/wazo-webhookd/wazo_webhookd/services/http/plugin.py,"This file contains a service class for handling webhooks. It provides a method to load dependencies, run a task, and handle requests to a specified URL. However, it does not define any explicit REST API endpoints.",,Yes,,Yes,,
cloned/ftgo-application/ftgo-common/src/main/java/net/chrisrichardson/ftgo/common/CommonJsonMapperInitializer.java,This file contains utility classes for configuring the JSON mapper used in the application. It does not define any REST API endpoints.,,No,,Yes,,
cloned/goldstone-server/client/js/views/nodeServiceStatusView.js,"This file defines a JavaScript class extending a base view class. It provides functionalities for displaying service status data in a node-based report view. The class provides methods for data preparation, update, and rendering.",,No,,Yes,,
cloned/notifier/core/core-services/src/main/java/com/sflpro/notifier/services/notification/dto/NotificationDto.java,"This Java file defines a data transfer object (DTO) for notifications. It includes properties for the type of notification, content, subject, client IP address, properties, template name, provider type, secure properties flag, locale, and sending priority. It also includes methods to update the domain entity properties and to compare the DTO with other objects.",,No,,Yes,,
cloned/growi/apps/app/src/server/models/page-tag-relation.ts,"This file defines a Mongoose model for a 'PageTagRelation' which is used to manage the relationship between Pages and Tags in the application. It provides methods for creating a list of tags with counts, finding tags by page id, listing tag names by page, getting a map of ids to tag names, and updating page tags.",,No,,Yes,,
cloned/avalon/app/javascript/components/CollectionList.js,This file contains a React component named CollectionList that displays a list of collections. It fetches data from a specified base URL and allows users to filter and sort the collections. The component also includes a loading spinner to indicate when data is being fetched.,,No,,Yes,,
cloned/ultimate-backend/apps/api-admin/src/tenants/tenants-mutation.resolver.ts,"This file defines a set of resolvers for GraphQL operations related to the management of tenants. It includes operations for creating, updating, and deleting tenants. The API is protected by authentication and authorization mechanisms.",,Yes,,Yes,,
cloned/microprofile-samples/services/number-api/src/main/java/com/microprofile/samples/services/number/resource/NumberApi.java,This API provides a single endpoint for generating an ISBN for a book. The endpoint is accessed via a GET request to the '/numbers/generate' path. The response is a plain text string containing the generated ISBN.,,Yes,,Yes,,
cloned/go-palletone/internal/web3ext/contractjs.go,"This file defines a set of REST API endpoints related to contract management. It includes methods for contract installation, deployment, invocation, querying, and stopping. It also includes methods for contract fee management and interaction with deposit and system configuration contracts. The API also provides methods for getting information about contract templates, contracts, and contract states.",,Yes,,Yes,,
cloned/go-palletone/vendor/github.com/Knetic/govaluate/lexerState.go,This file defines a Go package named 'govaluate'. It includes a set of lexer states and functions for parsing and validating expressions. It does not explicitly define any REST API endpoints.,,No,,Yes,,
cloned/go-palletone/vendor/github.com/sirupsen/logrus/formatter.go,"This code defines the logrus package, a logging library for Go. It includes constants for default field names and a Formatter interface for custom formatting. However, it does not define any REST API endpoints.",,No,,Yes,,
cloned/go-palletone/vendor/github.com/davecgh/go-spew/spew/dump.go,"This file defines a Go package named 'spew'. It provides functions for dumping Go data structures in a human-readable format, including dereferencing pointers, handling circular data structures, and customizing the output format. It also supports hexdump-like output for byte arrays and slices.",,No,,Yes,,
cloned/go-palletone/vendor/github.com/btcsuite/btcd/btcjson/cmdparse.go,"This file is part of a Bitcoin blockchain project, but it does not define any REST API endpoints explicitly.",,No,,Yes,,
cloned/go-palletone/vendor/golang.org/x/crypto/openpgp/elgamal/elgamal.go,"This file defines the ElGamal encryption algorithm, which is used for OpenPGP encryption. It provides public and private key generation, encryption, and decryption. However, it does not define any REST API endpoints.",,No,,Yes,,
cloned/go-palletone/vendor/golang.org/x/text/language/match.go,"This Python file defines a set of language-related functionalities, including tag matching and language equivalence classes. It does not explicitly define any REST API endpoints.",,No,,No,,
cloned/go-palletone/vendor/golang.org/x/sys/unix/syscall_bsd.go,"This file contains a collection of BSD system call wrappers and related utilities. It includes functions for handling groups, process status, socket address conversion, and various system call wrappers. It also includes utilities for memory mapping, synchronization, and process control.",,No,,Yes,,
cloned/go-palletone/vendor/golang.org/x/sys/unix/dev_linux.go,"This file contains utility functions for handling Linux device numbers. It provides functions to extract the major and minor components of a device number, and to generate a device number from major and minor components.",,No,,Yes,,
cloned/go-palletone/contracts/outchain/callback.go,"This file defines a set of cryptocurrency adaptors for various blockchain networks. It provides functionalities for managing keys, signing transactions, and generating addresses. The adaptors are implemented using Go programming language and utilize various libraries and packages. The adaptors are used in the PalletOne project, a blockchain platform that supports various cryptocurrencies.",,No,,Yes,,
cloned/dd-trace-py/tests/debugging/function/test_store.py,"This Python file contains a set of tests for the ddtrace.debugging module. It tests the functionality of the FunctionDiscovery, FunctionStore, and WrappingContext classes, as well as the mock library for mocking and testing. The tests are written using pytest, a popular testing framework for Python.",,No,,Yes,,
cloned/dd-trace-py/ddtrace/internal/bytecode_injection/__init__.py,"This Python script provides hooks for Python bytecode. It allows for the injection of hooks at specific line numbers, which can be used for various purposes such as debugging, profiling, or testing. The hooks are specified as callable functions and are called with an argument, which is also used as an identifier for the hook itself. The hooks are injected into Python bytecode, which is a lower-level representation of Python code. The script also provides functions for bulk injection and ejection of hooks, as well as individual injection and ejection.",,No,,Yes,,
cloned/dd-trace-py/ddtrace/llmobs/_integrations/litellm.py,"This Python script defines a set of classes and functions related to language model observation (LLMObs) and integration with different language models. It includes classes for managing LLM integrations, setting tags for spans, and handling LLM requests. The script also includes functionalities for handling LLM requests, including setting tags for spans and handling LLM requests.",,Yes,,Yes,,
cloned/iudx-catalogue-server/src/main/java/iudx/catalogue/server/validator/service/ValidatorServiceImpl.java,"This Python file defines a REST API service for validating items in the IUDX Catalogue Server. It includes endpoints for validating resource, resource group, provider, resource server, COS item, owner item, rating, mlayer instance, mlayer domain, mlayer geo query, mlayer dataset, stack for patching, and stack for posting. The service interacts with an Elasticsearch instance to validate the schema of the items.",,Yes,,Yes,,
cloned/iudx-catalogue-server/src/test/java/iudx/catalogue/server/apiserver/integrationtests/relationshipAPIsIT/ForwardRelationshipsIT.java,"This file contains integration tests for the Forward Relationships APIs in the Catalog Server. It tests various relationships between resources, resource groups, providers, and resource servers. The tests are based on HTTP GET requests with various query parameters.",,No,,Yes,,
cloned/yacy_grid_mcp/src/main/java/net/yacy/grid/io/assets/FTPStorageFactory.java,"This file defines a FTPStorageFactory class that provides a storage system for byte arrays. It uses FTP protocol to store and retrieve data from a remote server. The class also provides methods to check the connection, store data, load data, and close the connection.",,Yes,,Yes,,
cloned/consent-manager/consent/src/main/java/in/projecteka/consentmanager/clients/model/PatientRepresentation.java,"This file defines a model class 'PatientRepresentation' which represents a patient's information. It includes fields for the patient's reference number, display name, and a list of care contexts. The class is annotated with various libraries for JSON handling and data validation.",,No,,Yes,,
cloned/xs2a/xs2a-server-api/src/main/java/de/adorsys/psd2/model/PaymentExchangeRate.java,"This file defines the PaymentExchangeRate class, which represents an exchange rate for a specific currency. It includes properties for the unit currency, exchange rate, contract identification, and rate type. The class is used in the context of a banking system where exchange rates are used for currency conversion.",,Yes,,Yes,,
cloned/xs2a/consent-management/consent-management-lib/src/test/java/de/adorsys/psd2/consent/service/psu/CmsPsuConfirmationOfFundsServiceInternalTest.java,"This file contains a set of tests for the CmsPsuConfirmationOfFundsServiceInternal class. It tests various methods such as updateAuthorisationStatus, checkRedirectAndGetConsent, updatePsuDataInConsent, getAuthorisationByAuthorisationId, updateConsentStatus, and getConsent. These tests cover the functionality of the service and ensure that it behaves as expected under different scenarios.",,No,,Yes,,
cloned/xs2a/consent-management/cms-scheduler-service/src/main/java/de/adorsys/psd2/scheduler/NotConfirmedConsentExpirationScheduleTask.java,This file contains a Spring component that schedules a task to expire obsolete consent items. The task is triggered based on a cron expression and updates the consent status to EXPIRED if the consent confirmation has expired.,,Yes,,Yes,,
cloned/xs2a/spi-api/src/main/java/de/adorsys/psd2/xs2a/spi/service/AisConsentSpi.java,"This file defines the SPI interface for AIS consent initiating and revoking, and authorising process through AuthorisationSpi interface. It provides methods for initiating AIS consent, getting consent status, revoking AIS consent, verifying SCA authorisation, checking confirmation code, notifying about confirmation code validation, and checking confirmation code internally.",,Yes,,Yes,,
cloned/xs2a/xs2a-impl/src/main/java/de/adorsys/psd2/xs2a/domain/consent/Xs2aChosenScaMethod.java,"This file defines the Xs2aChosenScaMethod class, which is part of the Adorsys PSD2 XS2A domain. It represents a chosen SCA method, which includes the authentication type and the authentication method ID. The class is annotated with @Data from the Lombok library, which automatically generates getters, setters, and toString methods.",,No,,Yes,,
cloned/xs2a/xs2a-impl/src/main/java/de/adorsys/psd2/xs2a/domain/pis/CommonPaymentInitiationResponse.java,"This file defines the CommonPaymentInitiationResponse class, which extends the PaymentInitiationResponse class. It includes a PaymentType field and a constructor that takes an ErrorHolder object. The API is designed to handle payment initiation requests, possibly with a specific payment type.",,No,,Yes,,
cloned/xs2a/xs2a-impl/src/main/java/de/adorsys/psd2/xs2a/config/factory/ServiceFactory.java,"This is a Spring Boot application with a RESTful API. It provides services for managing bank accounts and transactions. The API is stateless and uses HTTP methods for actions like GET, POST, PUT, DELETE. The API endpoints are defined in the ServiceFactory interface.",,Yes,,Yes,,
cloned/xs2a/xs2a-impl/src/main/java/de/adorsys/psd2/xs2a/web/link/TransactionsReportCardDownloadLinks.java,"This Java class, TransactionsReportCardDownloadLinks, is a part of the Adorsys PSD2 XS2A web module. It extends the AbstractLinks class and is used to generate URLs for downloading transaction report cards. The URLs are generated based on the account ID and download ID. The class also provides URLs for balances if the 'withBalance' flag is set to true.",,No,,Yes,,
cloned/xs2a/xs2a-impl/src/main/java/de/adorsys/psd2/xs2a/service/payment/create/spi/PaymentInitiationService.java,This Python file defines a service for initiating payments in the SPI layer. The service is responsible for initiating payments of a specific type (defined by the template parameter T) using a payment product and a PSU (Potentially Served User) ID. The service returns a PaymentInitiationResponse object that contains details about the initiated payment.,,No,,No,,
cloned/xs2a/xs2a-impl/src/test/java/de/adorsys/psd2/xs2a/web/validator/ErrorBuildingServiceTest.java,"This file contains tests for the ErrorBuildingService class in the de.adorsys.psd2.xs2a.web.validator package. It tests the buildErrorResponse method, which builds an error response based on the provided validation result. The tests cover two scenarios: one where the validation result has a format error and another where the validation result has an execution date invalid error.",,No,,Yes,,
cloned/safe-transaction-service/safe_transaction_service/contracts/migrations/0004_auto_20210125_0925.py,"This Django project uses migrations to manage changes to the database schema. It includes a migration to alter the 'contract' model, setting the 'contract_abi' field to a foreign key that references 'contractabi' model. If a 'contractabi' instance is deleted, its related 'contract' instances are set to null.",,Yes,,Yes,,
cloned/skywalking-python/tests/e2e/base/consumer/fastapi_consumer.py,This FastAPI application acts as a consumer of another FastAPI application. It sends a POST request to 'http://provider:9090/artist-provider' with an empty payload. The response from the provider is returned to the consumer.,,Yes,,Yes,,
cloned/stoqs/stoqs/static/linkifyjs/linkify-react.min.js,This file is a React component that uses the linkify library to convert URLs into clickable links. It does not define any REST API endpoints explicitly.,,Yes,,Yes,,
cloned/stoqs/stoqs/static/jquery/development-bundle/ui/minified/jquery.ui.progressbar.min.js,"This file appears to be a part of the jQuery UI Progressbar library, which is a user interface widget that displays a progress bar. However, it does not define any REST API endpoints.",,No,,Yes,,
cloned/stoqs/stoqs/static/OpenLayers-2.11/lib/OpenLayers/Handler/Polygon.js,"This file defines a REST API handler for polygon drawing on a map. It uses HTTP methods such as GET, POST for different operations. The API allows users to draw polygons on the map, with options to modify the drawing, cancel the drawing, and get the drawn polygon's geometry.",,Yes,,Yes,,
cloned/stoqs/stoqs/static/OpenLayers-2.11/lib/OpenLayers/Tile/WFS.js,"This file defines a class for handling WFS (Web Feature Service) tiles in OpenLayers. It provides methods for loading features, managing requests, and handling responses.",,Yes,,Yes,,
cloned/stoqs/stoqs/static/OpenLayers-2.11/lib/OpenLayers/Layer/PointTrack.js,"This file defines a vector layer to display ordered point features as a line, creating one LineString feature for each pair of two points. It also provides the functionality to add nodes and create lines from point pairs.",,Yes,,Yes,,
cloned/scot/scot-ui/src/modal/entity_create.js,This file defines a React component named 'EntityCreateModal'. It is a modal dialog for creating user-defined entities. It interacts with the '/scot/api/v2/hitsearch' and '/scot/api/v2/entitytype' endpoints to get and post data respectively. The component uses 'match' and 'value' states to manage user input and interact with the server.,,Yes,,Yes,,
cloned/boulder/precert/corr_test.go,"This file contains tests for a cryptographic library. It tests the Correspond function, which checks if two certificates are equivalent, including their extensions. It also tests various failure cases for the Correspond function.",,No,,Yes,,
cloned/boulder/vendor/github.com/aws/aws-sdk-go-v2/service/s3/api_op_ListObjects.go,"This file defines a REST API endpoint for listing objects in an Amazon S3 bucket. It supports various parameters for filtering and pagination. The API endpoint is used to retrieve some or all (up to 1,000) of the objects in a bucket. The response can contain valid or invalid XML. The API endpoint is used in conjunction with other S3 operations like PutObject, GetObject, CreateBucket, and ListBuckets.",,Yes,,Yes,,
cloned/boulder/vendor/github.com/prometheus/procfs/net_dev.go,"This file provides a set of functions for interacting with network device statistics in the Linux kernel. It provides functions to read network device statistics from /proc/net/dev. The statistics include the number of bytes received (Rx), transmitted (Tx), errors, dropped packets, and other statistics.",,Yes,,Yes,,
cloned/boulder/vendor/go.opentelemetry.io/otel/sdk/trace/simple_span_processor.go,"This file defines the OpenTelemetry SDK trace package, which includes a simpleSpanProcessor type that synchronously sends all completed Spans to a trace.Exporter immediately. It also includes methods for starting and ending spans, shutting down the exporter, forcing a flush of data, and marshaling the data for logging.",,Yes,,Yes,,
cloned/boulder/vendor/go.opentelemetry.io/otel/sdk/trace/link.go,"This Go code defines the Link structure for OpenTelemetry, a set of APIs for instrumenting, measuring, and tracing software. It provides the ability to link between spans in a trace, either within the same trace or across different traces. The Link structure includes a SpanContext for the linked span, a list of attributes describing the link, and a count of dropped attributes due to limits.",,Yes,,Yes,,
cloned/boulder/vendor/go.opentelemetry.io/otel/semconv/v1.26.0/schema.go,This file is part of the OpenTelemetry project and it defines constants related to semantic conventions for OpenTelemetry. It does not define any REST API endpoints explicitly.,,No,,Yes,,
cloned/boulder/vendor/go.opentelemetry.io/contrib/instrumentation/google.golang.org/grpc/otelgrpc/semconv.go,"This code defines a set of semantic conventions for gRPC, including attributes for message metadata. It does not define any REST API endpoints.",,Yes,,Yes,,
cloned/boulder/vendor/golang.org/x/tools/internal/typesinternal/qualifier.go,"This file contains the implementation of a types.Qualifier function that qualifies imported symbols based on the import environment of a given file. It constructs a mapping of import paths to their defined names and defines a qualifier to replace full package paths with names of the imports. If the same package is imported multiple times, the last appearance is recorded.",,Yes,,Yes,,
cloned/boulder/vendor/golang.org/x/tools/internal/pkgbits/codes.go,This file defines a set of types and constants related to encoding and decoding Go types into bitstreams. It does not define any REST API endpoints.,,Yes,,Yes,,
cloned/boulder/vendor/golang.org/x/text/unicode/norm/transform.go,This file contains the implementation of normalization forms for Unicode text. It includes functions for transforming text based on specific normalization forms.,,Yes,,Yes,,
cloned/boulder/vendor/golang.org/x/mod/semver/semver.go,This Python package provides functions for comparing semantic version strings. It supports versioning schemes based on the Semantic Versioning 2.0.0 specification.,,Yes,,No,,
cloned/boulder/vendor/google.golang.org/protobuf/proto/equal.go,This file contains the implementation of a function to compare two Protobuf messages. It does not define any REST API endpoints.,,Yes,,Yes,,
cloned/kudu/java/kudu-client/src/main/java/org/apache/kudu/client/RangePartitionBound.java,"This Apache Kudu client library provides the capability to interact with Apache Kudu, a scalable, distributed, and robust data store. It allows users to specify whether a range partition bound is inclusive or exclusive.",,Yes,,Yes,,
cloned/webix_image_organizer/faceted_search/client/libs/is/is.min.js,"This file defines a JavaScript library for type checking. It provides functions for checking if a value is of a certain type, such as string, number, array, object, etc. It also includes functions for checking if a value is within a certain range, such as if a number is within a certain range of values. This library is useful for validating user input before processing it.",,Yes,,Yes,,
cloned/express-typescript-openapi3/cinema-catalog-service/integration-test/report/content/js/jquery.flot.stack.js,"This file contains a Flot plugin for stacking data sets. It assumes the data is sorted on x (or y if stacking horizontally). The plugin modifies the datapoints in each series, adding an offset to the y value. For line series, extra data points are inserted through interpolation. If there's a second y value, it's also adjusted.",,Yes,,Yes,,
cloned/mip-deployment/config/keycloak/HBPTheme/common/resources/lib/fileupload/FileAPI.min.js,"This file defines a set of tools for working with files, including file manipulation, data URI handling, and file reading. It also includes support for HTML5, Flash, and canvas transformations.",,Yes,,Yes,,
cloned/FoodborneNYC/src/twitter-service/app.py,This script interacts with the Twitter API to fetch tweets based on specific queries. It also interacts with MongoDB to store and retrieve the fetched tweets. The script runs queries in parallel using threads for efficient execution.,,Yes,,Yes,,
cloned/madoc-platform/services/madoc-ts/src/extensions/project-export/export-configs/project/project-csv-simple-export.ts,"This file defines a set of APIs for exporting project data in CSV format. It provides endpoints for configuration, hook configuration, and data export. The data export endpoint fetches published data from the project, parses the model targets, fetches labels for manifests and canvases, and exports the data in CSV format.",Yes,,,Yes,,
cloned/madoc-platform/services/madoc-ts/src/routes/admin/get-metadata-values.ts,This API endpoint is used to fetch metadata values based on a label. It uses a SQL query to fetch data from the database and returns the results in a paginated format. The endpoint is used by administrators to manage and analyze metadata in the system.,Yes,,Yes,,,
cloned/madoc-platform/services/madoc-ts/src/utility/claim-utilities.ts,"This file contains helper functions for handling tasks related to crowdsourcing in a digital humanities project. It provides functions for checking if a task counts as a contribution, checking if a user can claim a resource, finding a manifest task from a list of tasks, and finding a user's manifest task.",No,,Yes,,,
cloned/Practical.CleanArchitecture/src/UIs/angular/src/app/auditlogs/audit-log.effects.ts,This API provides the ability to fetch audit logs. It uses GET method to retrieve the logs. The logs are paginated with the page number and page size as parameters.,Yes,,Yes,,,
cloned/Mayan-EDMS/mayan/apps/messaging/urls.py,"This Django project provides two APIs: a regular API for handling regular messages and an API for handling API messages. The regular API includes endpoints for creating, deleting, and marking messages as read or unread. The API for API messages includes endpoints for listing and detailing API messages.",No,,No,,,
cloned/Mayan-EDMS/mayan/apps/django_gpg/tests/test_views.py,"This Python file contains test cases for a key management system. It tests the functionality of key creation, deletion, and download. The tests are based on the Django testing framework and use the Mayan EDMS project's key management system.",No,,Yes,,,
cloned/Mayan-EDMS/mayan/apps/rest_api/api_views.py,"This Python code defines a REST API using Django Rest Framework. It includes endpoints for API version root, API root, batch API request, obtaining authentication token, and project information. The API is designed to handle various HTTP methods like GET, POST.",Yes,,Yes,,,
cloned/Mayan-EDMS/mayan/apps/authentication/classes.py,This Python file defines a Django authentication backend with features for user identification and session management. It includes methods for handling login forms and managing user sessions.,Yes,,Yes,,,
cloned/Mayan-EDMS/mayan/apps/checkouts/serializers.py,This API provides functionalities for document checkouts. It allows users to check out documents for a specific period of time and also blocks the creation of new files while a document is checked out.,Yes,,Yes,,,
cloned/Mayan-EDMS/mayan/apps/sources/source_backends/email_backends.py,"This Python file defines a set of classes related to email source backend. It includes classes for email fetching, processing, and storing. It also includes classes for IMAP and POP3 email fetching.",No,,Yes,,,
cloned/waypoint/internal/pkg/flag/flag_enum.go,This file is a part of a Go package named 'flag'. It provides a set of functions for managing command-line flags and environment variables. It does not define any REST API endpoints.,No,,Yes,,,
cloned/waypoint/internal/runner/runner.go,"This file defines a Go package named 'runner'. It is a part of the Waypoint project, a tool for building, deploying, and managing modern applications. The package provides a runner that can execute operations locally or remotely. It interacts with the Waypoint server to register, accept jobs, and manage job executions.",No,,Yes,,,
cloned/waypoint/ui/mirage/factories/deployment.ts,This file defines a factory for the 'deployment' model in an Ember.js application using Mirage.js for mocking API responses. It includes several traits and associations to define different deployment states and platforms.,No,,Yes,,,
cloned/waypoint/ui/app/utils/exec-websocket-addon.ts,This file defines a WebSocket-based terminal emulator for a deployment. It provides a bidirectional communication channel for executing commands in a remote environment. The API allows users to interact with the remote environment through a terminal-like interface.,Yes,,Yes,,,
cloned/waypoint/pkg/client/gen/client/waypoint/waypoint_get_release2_parameters.go,"This API provides endpoints for managing and retrieving release information. It includes endpoints for getting release details, which are used to load additional details about the release. These details are available in the Preload section. The API also includes endpoints for setting and getting the load details parameter.",Yes,,Yes,,,
cloned/waypoint/pkg/client/gen/models/hashicorp_waypoint_get_job_stream_response_terminal_event_table.go,"This file defines a Go model for a job stream response terminal event table. It includes headers and rows for the table, which are used to display data in a tabular format. The model is part of the Waypoint project, a tool for building, deploying, and managing modern applications.",No,,Yes,,,
cloned/waypoint/pkg/client/gen/models/hashicorp_waypoint_config_get_response.go,"This file defines the configuration retrieval response model for the Waypoint application. It includes a list of variables, each representing a configuration setting. The variables are used to manage and configure the application's behavior.",No,,Yes,,,
cloned/waypoint/pkg/client/gen/models/hashicorp_waypoint_status_filter.go,"This file defines the 'HashicorpWaypointStatusFilter' model, which is used to filter statuses in the Waypoint system. The model has a 'filters' field, which is an array of 'HashicorpWaypointStatusFilterFilter' objects. The 'filters' field is used to filter statuses based on various criteria.",No,,Yes,,,
cloned/waypoint/pkg/client/gen/models/hashicorp_waypoint_deployment_preload.go,"This file defines the structure of the Waypoint deployment preload, which is used to load related data for a deployment. It includes details about the artifact and build, as well as the deployment URL and job data source reference.",No,,Yes,,,
cloned/Basilisk/repository-service/src/main/java/org/dicegroup/basilisk/repositoryService/web/controllers/repo/GitRepoController.java,"This API provides endpoints for managing Git repositories. It allows retrieval of all repositories, retrieval of repositories by type, addition of new repositories, deletion of existing repositories, and notice about the deactivation of Git repository functionalities.",No,,Yes,,,
cloned/noc/core/etl/models/service.py,"This Python code defines two classes, Instance and Service, which are part of a larger system. The Instance class represents a service instance, with attributes such as type, name, addresses, and more. The Service class, on the other hand, represents a service, with attributes such as id, profile, parent, subscriber, and more. These classes are used to manage and manipulate service instances and services in a network context.",No,,Yes,,,
cloned/noc/ui/web/inv/inv/plugins/pconf/PConfPanel.js,"This file defines a NOC.inv.inv.plugins.pconf.PConfPanel, which is an Ext.panel.Panel with a number of features related to inventory management. It provides a configuration panel with features like search, filter, and management console. The panel interacts with a gridpanel that displays inventory configurations. The panel also provides a way to preview data and manage it.",No,,Yes,,,
cloned/noc/ui/web/ip/vrf/LookupField.js,This file defines a ComboBox widget for IP VRF Lookup. It extends the ComboBox class from NOC.core and creates a widget with alias 'widget.ip.vrf.LookupField'. The UI style is 'medium-combo'.,No,,Yes,,,
cloned/noc/ui/web/fm/alarm/view/grids/DisplayFilter.js,This file defines the UI component 'NOC.fm.alarm.view.grids.DisplayFilter' for the NOC project. It includes two items: 'Service Profiles' and 'Recent Alarms (time/opacity)'. The component is used to display and filter alarms based on service profiles and duration.,No,,Yes,,,
cloned/noc/gis/models/division.py,"This Python file defines a MongoDB document model for 'Division' which includes attributes such as type, parent, name, short_name, is_active, level, data, start_date, end_date, remote_system, remote_id, labels, and effective_labels. It also includes methods for getting divisions by id, getting children, getting top-level divisions, getting buildings, updating levels, and getting the full path of a division. The model also includes a property for checking if a label can be set for a division.",No,,Yes,,,
cloned/noc/sa/profiles/Beward/Doorphone/get_interfaces.py,"This Python script is a part of the NOC (Network Operations Center) project. It is a part of the Beward.Doorphone module, which is responsible for retrieving network interfaces information using SNMP. The script uses the IF-MIB (Interface MIB) to get details about network interfaces.",No,,Yes,,,
cloned/noc/sa/profiles/Beward/Doorphone/get_lldp_neighbors.py,"This script is a part of the NOC project, which is a comprehensive solution for network management. It provides information about the LLDP neighbors of a network device. The script uses SNMP to gather this information.",No,,Yes,,,
cloned/noc/sa/profiles/Eltex/MES24xx/get_interfaces.py,This Python script is a part of a network management system. It is used to retrieve interface information from a network device. The script uses CLI commands to gather data and returns it in a structured format.,No,,Yes,,,
cloned/noc/sa/profiles/Qtech/QOS/get_version.py,"This Python script is a part of the NOC (Network Operations Center) project. It uses the Qtech platform and interacts with the hardware version by executing 'show version' command. The script retrieves information about the platform, hardware version, bootprom version, QOS version, and serial number. The information is returned in a JSON format.",No,,Yes,,,
cloned/noc/sa/profiles/Zyxel/ZyNOS/profile.py,This Python file defines a profile for a network operating system. It does not define any REST API endpoints.,No,,Yes,,,
cloned/noc/sa/profiles/Arista/EOS/get_interfaces.py,"This Python script defines a REST API endpoint for retrieving interface information from a network device. The API endpoint is a GET request to '/interfaces' and returns a list of interfaces with their associated details such as type, MAC address, description, and IP address.",Yes,,Yes,,,
cloned/openstates-scrapers/scrapers/nc/bills.py,"This Python script scrapes legislation data from the North Carolina legislature website. It defines endpoints for scraping bills, votes, and archived votes. The endpoints are used to fetch and parse data from the website, which is then used to create and return Bill objects. The script also includes endpoints for scraping archived votes.",Yes,,Yes,,,
cloned/lagoon/node-packages/commons/src/deploy-tasks.ts,"This file contains a set of functions for handling deployments of branches, pull requests, and promoting environments. It uses a variety of APIs to fetch and send data, including logs, tasks, and environment information. The deployBranch function handles deploying a branch, the deployPullrequest function handles deploying a pull request, and the deployTargetBranches and deployTargetPullrequest functions handle checking the existing `openshift` configured for a deployed branch or pull request. The deployTargetPromote function handles checking the existing `openshift` configured for a promoted environment. The checkActiveStandbyDeployTarget function checks if a production or standby production environment are already deployed, and returns the data for those particular environments. The checkPromoteEnvironment function checks if a promoted environment exists and returns its openshift information.",Yes,,Yes,,,
cloned/lagoon/services/api/src/resources/task/resolvers.ts,"This file defines a set of REST API endpoints for managing tasks in the system. It includes endpoints for getting task logs, getting tasks by environment id, getting task by task name, getting task by remote id, adding a task, deleting a task, cancelling a task, updating a task, and various Drush tasks like archive dump, SQL dump, cache clear, cron, SQL sync, and rsync files.",Yes,,Yes,,,
cloned/coopcycle-web/cypress/e2e/package-delivery/@store/create_delivery_for_store_without_pricing.cy.js,This file contains Cypress.js tests for a web application. It does not define any REST API endpoints explicitly.,No,,Yes,,,
cloned/coopcycle-web/js/app/dashboard/components/MapLayers.js,"This file defines several React components that interact with a Redux store to render a map layer. It includes components for handling courier positions, task layer, polyline layer, and clusters toggle.",No,,Yes,,,
cloned/egroupware/addressbook/js/CRM.ts,"This file defines a JavaScript class named CRMView that extends the EgwApp class from the eGroupware API. It provides a UI for the Addressbook CRM view, with functionalities such as managing contact IDs, handling push notifications, and interacting with the eGroupware application. The CRMView class is used to manage the CRM view of the Addressbook, including actions on the view such as reloading the list, refreshing entries, and handling entry deletions. The class also provides functionalities to set or change which contact IDs are being shown for entries.",Yes,,Yes,,,
cloned/egroupware/api/js/etemplate/Et2Select/SearchMixin.ts,"This file defines a REST API using the LitElement framework. It includes functionalities for searching, handling options, and managing tags. The API is used for managing contacts in an eGroupware eTemplate2 system.",Yes,,Yes,,,
cloned/egroupware/api/js/etemplate/Et2Select/SelectAccountMixin.ts,This file defines a set of classes and mixins related to account selection in a system. It includes a mixin for handling account options and a class for managing selectable accounts.,No,,Yes,,,
cloned/egroupware/api/js/etemplate/Layout/Et2Split/Et2Split.ts,This file defines a custom web component 'et2-split'. It is a splitter widget for the EGroupware eTemplate2 system. It allows users to divide the screen into two panels and resize them independently. The API provides endpoints for interacting with the splitter widget.,Yes,,Yes,,,
cloned/cloud-sync/src/common/message/impl/ContextRESP.js,"This file defines a JavaScript class 'ContextRESP' that extends 'Message'. It seems to be a response message for a context, possibly related to some sort of context-based response system. However, it does not explicitly define any REST API endpoints.",No,,Yes,,,
cloned/cloud-sync/src/common/state/TimelineSourceType.js,"This file defines a class named TimelineSourceType. It represents a source type of timeline in a session. It includes methods for managing timelines, such as adding, removing, and getting timelines. It also includes methods for persisting and cleaning up data in a Redis datastore.",Yes,,Yes,,,
cloned/local-setup/inspector/scripts/inspect-beacon.js,"This file is a script for interacting with the Keep Random Beacon Operator contract on the Ethereum network. It uses Truffle, a development environment for Ethereum, to interact with the contract and web3, a library that allows to interact with the Ethereum blockchain. It fetches data related to the contract's operations, such as relay entries requested, submitted, and timed-out. It also fetches data related to the Distributed Key Generation (DKG) process. The script also decodes the input of the DKG submission transaction and counts the number of supporting signatures.",No,,Yes,,,
cloned/treetracker-admin/src/repositories/planter.repository.ts,"This file defines a repository for the Planter model in a LoopBack application. It includes methods for retrieving and manipulating data related to Planters, including methods for filtering and joining data based on organization and device identifiers. The repository also includes methods for handling organization-related filters and custom SQL queries.",No,,Yes,,,
cloned/CovenantSQL/kayak/tracker_test.go,This file contains tests for the kayak package. It tests the functionality of the tracker and its interaction with the runtime environment.,No,,Yes,,,
cloned/CovenantSQL/utils/log/debug/handler.go,This API provides endpoints for managing the log level of the CovenantSQL application. It allows users to retrieve the current log level and change it to a new level specified in the request.,Yes,,Yes,,,
cloned/CovenantSQL/blockproducer/errors.go,This file contains a set of error messages used in the CovenantSQL project. These error messages are used to indicate various types of errors that can occur during the execution of the program.,No,,Yes,,,
cloned/medifor/cmd/medifor/cmd/detect_batch.go,"This file contains a Go program that is used for batch detection of media files. It uses a multi-client approach to handle multiple hosts. The program reads detection protobuf messages from a file or stdin, processes them, and writes the results to an output file or stdout. The program also supports detection of image and video files.",No,,Yes,,,
cloned/rucio/lib/rucio/common/constants.py,"This Python file defines a set of constants and enumerations for use in the Rucio data management system. It includes details about supported protocols, sorting algorithms, replica states, hermes services, RSE attributes, and sign URL services. It also defines named tuples for file transfer states and job types.",No,,Yes,,,
cloned/rucio/lib/rucio/db/sqla/migrate_repo/versions/a74275a1ad30_added_global_quota_table.py,"This file defines the database schema for the 'account_glob_limits' table. It includes operations to upgrade and downgrade the database to this revision. The 'account_glob_limits' table has columns for 'rse_expression', 'bytes', 'account', 'created_at', and 'updated_at'. The 'account' column is a foreign key referencing the 'accounts' table. The 'created_at' and 'updated_at' columns have default values that set the current date and time respectively. The upgrade operation creates the table, sets primary key, check constraints, and foreign key. The downgrade operation removes the table.",No,,Yes,,,
cloned/freesound/messages/migrations/0001_initial.py,"This Django application manages the creation, sending, receiving, and archiving of messages. It uses a Message model to store the message details, a MessageBody model to store the message body, and foreign keys to establish relationships between the models. The application does not define explicit REST API endpoints.",No,,Yes,,,
cloned/freesound/search/views.py,"This Python script defines a number of REST API endpoints for a Django application. It includes endpoints for searching sounds, viewing clusters, and searching within the forum. It also includes endpoints for handling query suggestions.",Yes,,Yes,,,
cloned/beacon-2.x/frontend/src/components/Cohorts/Cohorts.js,"This file defines a React component named 'Cohorts'. It fetches data from a REST API endpoint, processes the data, and displays it in various charts and graphs. The API endpoint is defined in the 'configData.API_URL + '/cohorts'. The data includes information about cohorts, including their collection events, gender, ethnicity, location, and disease distribution. The component also allows users to filter and view the data in various ways.",Yes,,Yes,,,
cloned/java-microservices-examples/jhipster/gateway/src/main/webapp/app/admin/configuration/configuration.service.ts,This Angular service provides functionalities to interact with the server. It uses HttpClient to make HTTP requests and handle responses. The service provides methods to retrieve configuration properties and environment variables.,Yes,,Yes,,,
cloned/java-microservices-examples/jhipster/store/src/test/java/com/okta/developer/store/web/rest/UserResourceIT.java,"This Java code defines a set of integration tests for a REST controller in a Spring Boot application. The tests verify the functionality of the UserResource REST controller, including GET requests to retrieve all users and a specific user by login, as well as tests for user equality and authority equality. The tests use MockMvc to simulate HTTP requests and verify the responses.",No,,Yes,,,
cloned/true-connector-execution_core_container/src/main/java/it/eng/idsa/businesslogic/service/SelfDescriptionService.java,"This Java interface provides a set of methods for managing and interacting with a Connector object. It provides methods for getting the Connector, its self-description, and creating different types of messages related to Connector availability and updates.",Yes,,Yes,,,
cloned/true-connector-execution_core_container/src/main/java/it/eng/idsa/businesslogic/service/impl/HttpHeaderServiceImpl.java,"This Java service class provides functionalities related to HTTP headers. It includes methods for converting IDS messages to HTTP headers and vice versa, handling DAPS interaction, and converting various types of headers.",No,,Yes,,,
cloned/ExecDashboard/exec-core/src/main/java/com/capitalone/dashboard/exec/model/FeatureStatusTransition.java,"This Java class represents the model for the feature status transition. It includes fields for the person who made the change, their display name, the date of the change, the status before the change, the status after the change, the category of the status before the change, and the category of the status after the change. This class is part of the Capital One Dashboard project and is used to track changes in the status of features in the system.",No,,Yes,,,
cloned/ExecDashboard/exec-core/src/main/java/com/capitalone/dashboard/exec/model/ModuleMetricsStatus.java,"This Java class, 'ModuleMetricsStatus', is a model class used to represent the status of different modules in a software development process. It includes various properties related to features, code repositories, builds, and deployments, as well as properties related to security checks like DAST, cloud, raven, code analysis, and fortify. The class also includes getters and setters for all properties.",No,,Yes,,,
cloned/usaspending-api/usaspending_api/agency/v2/views/tas_program_activity_list.py,"This Python script defines a REST API endpoint for obtaining the list of program activities for a specific agency's treasury account using a treasury account symbol (TAS). The API endpoint is a GET request and returns a list of program activities with obligated and gross outlay amounts. The API also supports filtering by program activity name and sorting by obligated amount, gross outlay amount, and program activity name. The API endpoint also supports pagination.",Yes,,Yes,,,
cloned/usaspending-api/usaspending_api/search/tests/integration/hierarchical_filters/test_tas_filter_basic_cases_subaward.py,This Python file contains tests for the usaspending_api project. It tests the functionality of the TAS (Treasury Account System) search functionality in the project. The tests are designed to verify that the search functionality can correctly match and return subawards based on different TAS codes.,No,,Yes,,,
cloned/usaspending-api/usaspending_api/common/api_request_utils.py,This Python file defines classes for handling fiscal years and generating filters for database queries. It also includes a class for handling autocomplete requests.,No,,Yes,,,
cloned/crates.io/packages/crates-io-msw/models/team.js,"This file defines a data model for a team member from GitHub. It includes attributes such as id, name, org, login, url, and avatar. The model provides default values for some of these attributes.",No,,Yes,,,
cloned/tc-project-service/src/routes/priceConfig/revision/get.js,"This API provides the ability to fetch a priceConfig for a specific revision. It uses the key, version, and revision parameters to identify the specific priceConfig. The API fetches the priceConfig from an Elasticsearch database if it exists there, otherwise it fetches it from a PostgreSQL database.",Yes,,Yes,,,
cloned/tc-project-service/src/routes/orgConfig/list.spec.js,"This file contains tests for the organization configuration feature of the application. It tests the GET /orgConfig endpoint, which retrieves organization configuration data based on filters. The tests cover various scenarios such as unauthenticated requests, authenticated requests with different roles, and different filter combinations.",Yes,,Yes,,,
cloned/tc-project-service/src/routes/projectTypes/get.js,This API provides a way to retrieve project type information. It uses HTTP GET method to fetch data based on a provided key. The key is a string that identifies the project type and is required for the request to be processed.,Yes,,Yes,,,
cloned/cortex/tools/querytee/response_comparator_test.go,"This Python file contains a set of test cases for comparing metrics in a Prometheus-like format. It includes tests for comparing matrix, vector, and scalar metrics. The tests are used to validate the correctness of the metrics comparison logic.",No,,No,,,
cloned/cortex/integration/getting_started_with_gossiped_ring_test.go,"This file contains tests for the Cortex project. It tests the functionality of the Cortex components including ingesters, store-gateways, and rulers. It also tests the gossip protocol for cluster membership and the replication of blocks across the cluster.",No,,Yes,,,
cloned/cortex/pkg/util/extract/extract.go,This file contains helper functions for working with Prometheus metrics and labels. It does not define any REST API endpoints.,No,,Yes,,,
cloned/cortex/pkg/ring/token_generator.go,This file contains the implementation of a token generator for a distributed system. It provides two strategies for generating tokens: 'random' and 'minimize-spread'. The 'random' strategy generates random tokens without any specific distribution. The 'minimize-spread' strategy tries to distribute tokens as evenly as possible among all instances in the system.,No,,Yes,,,
cloned/cortex/pkg/api/queryapi/query_api_test.go,"This file defines a REST API for querying Prometheus metrics. It includes endpoints for range and instant queries, with error handling for various invalid inputs. It also includes a custom stats renderer for query performance metrics.",Yes,,Yes,,,
cloned/cortex/vendor/go.mongodb.org/mongo-driver/x/bsonx/bsoncore/value.go,"This file defines the core BSON data types and operations in Go. It includes types for representing BSON values, errors, and methods for reading and writing BSON values. It also includes methods for converting BSON values to and from various Go types.",No,,Yes,,,
cloned/cortex/vendor/github.com/klauspost/compress/zstd/dict.go,This file defines a Go package named 'zstd'. It includes types and functions for handling zstandard compression and decompression. It also includes functions for building and inspecting zstandard dictionaries.,No,,Yes,,,
cloned/cortex/vendor/github.com/Azure/azure-sdk-for-go/sdk/internal/temporal/resource.go,This file defines a set of temporal resources that require periodic refreshing. It includes a Resource struct and associated methods for managing and refreshing these resources.,No,,Yes,,,
cloned/cortex/vendor/github.com/pierrec/lz4/v4/internal/lz4stream/block.go,"This file contains the implementation of the lz4stream package, which is a Go implementation of the LZ4 compression algorithm. It provides functionalities for handling LZ4 compressed data blocks, including compression, decompression, and block management. The package also includes functionalities for handling LZ4 frames, which are the top-level data structures in the LZ4 format.",No,,Yes,,,
cloned/cortex/vendor/github.com/aws/aws-sdk-go/aws/credentials/env_provider.go,"This code is part of the AWS SDK for Go. It provides functionality for managing AWS credentials. It includes a provider for environment variables, which can be used to retrieve AWS credentials from the environment variables of the running process. However, this code does not define any REST API endpoints.",No,,Yes,,,
cloned/cortex/vendor/github.com/parquet-go/parquet-go/column_path.go,"This file contains utility functions for working with Apache Parquet columnar data. It provides functions for handling column paths, leaf columns, and traversing nodes in a tree-like structure.",No,,Yes,,,
cloned/cortex/vendor/github.com/parquet-go/parquet-go/internal/bitpack/unpack_int64_purego.go,"This file contains a set of functions for unpacking integers from a byte array using bitwise operations. The functions are used in the 'bitpack' package, which is designed to be used in pure Go code or in conjunction with non-amd64 architectures.",No,,Yes,,,
cloned/cortex/vendor/github.com/prometheus/prometheus/util/stats/query_stats.go,"This file defines the core Prometheus statistics gathering functionality. It includes types for query timing, statistics gathering, and related utilities. It also includes functionality for tracking and timing specific query operations.",No,,Yes,,,
cloned/cortex/vendor/github.com/gogo/protobuf/proto/table_merge.go,"This file defines the internal message information for Protobuf, a data interchange format developed by Google. It includes functions for merging messages and managing the merge information. It also includes some utility functions for handling Protobuf messages.",No,,Yes,,,
cloned/cortex/vendor/github.com/thanos-io/thanos/pkg/store/prometheus.go,"This Python file defines a PrometheusStore, a component of a Thanos system. It interacts with a Prometheus instance to retrieve time series data. It supports various operations like fetching series, label names, label values, and more. The PrometheusStore is configured with external labels that are attached to all results. The file also includes functionalities for handling Prometheus remote read API responses.",Yes,,No,,,
cloned/cortex/vendor/github.com/thanos-io/thanos/pkg/tracing/interceptors/reporter.go,"This code is part of the Thanos project, a cloud-native, multi-tenant, highly available Prometheus setup. It provides gRPC middleware interceptors for tracing, including support for Jaeger and OpenTelemetry. However, it does not define any REST API endpoints.",Yes,,Yes,,,
cloned/cortex/vendor/gopkg.in/yaml.v3/parserc.go,"This Python file contains the implementation of a YAML parser. It includes functions for parsing YAML streams, documents, nodes, sequences, and mappings. It also includes handling for various YAML directives and token types.",No,,No,,,
cloned/cortex/vendor/go.opentelemetry.io/collector/pdata/pmetric/generated_exemplarslice.go,"This file is a part of OpenTelemetry's pmetric package, which provides primitives for working with metrics data. It includes a set of data structures for representing and manipulating metric data, but does not define any REST API endpoints.",No,,Yes,,,
cloned/cortex/vendor/go.opencensus.io/trace/trace.go,"This file defines a set of trace operations for OpenCensus. It includes operations for creating spans, setting span attributes, annotating spans with events, adding message send/receive events, and linking spans. The operations are all part of a Tracer interface that provides methods for starting a new span, getting the span context from a context, and creating a new context with a span attached. The file also includes operations for configuring the tracing system, such as setting the default sampler and ID generator.",No,,Yes,,,
cloned/cortex/vendor/golang.org/x/sys/unix/zsyscall_linux_arm64.go,"This file contains a set of system call wrappers for Linux, including file system operations, process and group management, and network programming. It also includes system-related functions like time retrieval.",No,,Yes,,,
cloned/cortex/vendor/golang.org/x/sys/unix/ztypes_freebsd_arm.go,This file defines a set of constants and data structures related to Unix system calls and file I/O. It does not explicitly define any REST API endpoints.,No,,Yes,,,
cloned/cortex/vendor/golang.org/x/sys/cpu/cpu_other_mips64x.go,"This file is a part of the Go programming language's CPU package. It provides functions related to CPU architecture initialization. The package is not designed for direct use in applications, but is used by other packages in the Go standard library.",No,,Yes,,,
cloned/cortex/vendor/golang.org/x/net/ipv4/zsys_freebsd_amd64.go,"This file contains Go code related to the IPV4 protocol. It defines various structures and constants related to socket addressing, internet protocol multicast (IPMreq, IPMreqSource), and group requests (groupReq, groupSourceReq). However, it does not define any REST API endpoints.",Yes,,Yes,,,
cloned/cortex/vendor/google.golang.org/grpc/balancer_wrapper.go,"This file defines the core gRPC balancer functionality. It includes functionality for managing connections, balancing load, and handling errors. It does not define explicit REST API endpoints.",No,,Yes,,,
cloned/cortex/vendor/gonum.org/v1/gonum/blas/gonum/level1float32.go,"This file defines a set of mathematical operations on float32 vectors. It includes operations for normalization, summation, maximum finding, swapping, copying, addition, Givens rotation, modified Givens rotation, and scaling. It also includes autogenerated implementations for these operations.",No,,Yes,,,
cloned/cortex/vendor/gonum.org/v1/gonum/lapack/gonum/dlarfx.go,"This file defines a set of functions related to the application of elementary reflectors to real m×n matrices. The reflectors are represented in the form H = I - tau * v * vᵀ, where tau is a real scalar and v is a real vector. The functions apply the reflectors to the matrices C, either from the left or the right, with loop unrolling when the reflector has order less than 11. The functions are used in the Gonum library for numerical computations.",Yes,,Yes,,,
cloned/opentelemetry-examples/nodejs/otel-vanilla/metrics/app.js,"This script sets up OpenTelemetry metrics using the OpenTelemetry API for Node.js. It exports metrics to a Lightstep backend. The metrics are set up to be collected every second and include a counter, up-down counter, and observable gauge.",No,,Yes,,,
cloned/rasa_nlu/tests/engine/training/test_hooks.py,This file contains tests for the RASA engine. It tests the training hooks and the caching mechanism of the engine.,No,,Yes,,,
cloned/rasa_nlu/rasa/utils/tensorflow/model_data.py,"This Python file contains a set of utility functions for handling data related to machine learning models. It includes functions for converting ragged arrays to numpy arrays, defining feature signatures, and managing data objects used for all machine learning models. It also includes classes for managing data objects used for all machine learning models, including methods for adding and retrieving data, sorting data, and splitting data into training and testing sets. The file also includes methods for checking and handling class imbalance in the data.",No,,Yes,,,
cloned/Baragon/BaragonService/src/main/java/com/hubspot/baragon/service/BaragonServiceModule.java,"This Java code defines a Baragon service module for managing and monitoring cloud resources. It provides functionalities for managing AWS Elastic Load Balancers, Google Cloud Compute Engine instances, and other cloud resources. It also provides functionalities for health checks, exception notifying, and reporting. The module is designed to be highly scalable and fault-tolerant, with features for managing and synchronizing with multiple workers. The module also provides edge caching capabilities using Cloudflare.",No,,Yes,,,
cloned/servantes/fe/vendor/k8s.io/client-go/kubernetes/typed/core/v1/replicationcontroller.go,"This file defines the ReplicationController interface for the Kubernetes API. It provides methods for creating, updating, deleting, and getting ReplicationController objects. It also provides methods for scaling the ReplicationController.",Yes,,Yes,,,
cloned/servantes/fe/vendor/k8s.io/client-go/kubernetes/typed/certificates/v1beta1/certificatesigningrequest.go,"This file defines the CertificateSigningRequests interface and its implementation. It provides CRUD operations for CertificateSigningRequest resources. The API allows creation, update, and deletion of CertificateSigningRequests, as well as retrieval of CertificateSigningRequests and watching for changes. The API is used by the Kubernetes client to interact with the CertificateSigningRequests resource.",Yes,,Yes,,,
cloned/servantes/fe/vendor/github.com/json-iterator/go/any_object.go,"This file contains a set of Go packages related to JSON serialization and deserialization. It includes types for handling JSON values, including objects, arrays, strings, numbers, booleans, and null. It also includes functions for reading and writing JSON values from and to streams.",No,,Yes,,,
cloned/servantes/fe/vendor/github.com/gorilla/mux/doc.go,"This file defines a REST API using the mux package. It provides routing and dispatching functionality for HTTP requests. The API is used to handle requests related to products, articles, and user data. The API can be used to retrieve product details, list articles, and manage user accounts.",Yes,,Yes,,,
cloned/Event-Driven-Microservices-Sample/services/articles-management/src/message-bus/send/article.added.js,This module is responsible for sending articles added events to a message queue. It uses a message queue to distribute the events to other services in the system.,No,,Yes,,,
cloned/mslearn-aspnet-core/modules/microservices-configuration-aspnet-core/src/Web/WebSPA/Client/src/modules/orders/orders.service.ts,"This Angular service provides functionalities related to orders. It interacts with the server through the DataService to perform CRUD operations on orders. It also interacts with the BasketWrapperService and SecurityService for additional data. The service provides methods to get orders, cancel orders, get a specific order, validate a coupon, and map order and identity information.",Yes,,Yes,,,
cloned/vcell/vcell-core/src/main/java/org/jlibsedml/SedMLError.java,"This Java class is used for handling errors in SEDML (Systems of Systems Engineering Markup Language) models. It provides methods for handling errors based on their severity and line number. The class also provides methods for getting the line number, message, and severity of an error.",No,,Yes,,,
cloned/vcell/vcell-core/src/main/java/org/vcell/vis/core/Face.java,This Java code defines an enumeration 'Face' with six constants representing different faces of a 3D space. The 'fromInteger' method is used to convert an integer to a Face object. This code does not define any REST API endpoints.,No,,Yes,,,
cloned/vcell/vcell-core/src/main/java/org/vcell/pathway/TransportImpl.java,This file contains a Java class named 'TransportImpl' that extends 'ConversionImpl' and implements the 'Transport' interface. It provides two methods for replacing objects in a resource map and a superclass method. The class does not define any REST API endpoints.,No,,Yes,,,
cloned/vcell/vcell-core/src/main/java/cbit/vcell/solvers/mb/MovingBoundarySolverOptions.java,"This file defines a Java class named MovingBoundarySolverOptions. It is part of the VCell software, a computational platform for modeling and simulating biological systems. The class is used to configure options for a solver that is used to handle moving boundary conditions in a simulation. The class includes methods for reading and writing these options in a specific format (VCML).",No,,Yes,,,
cloned/vcell/vcell-core/src/main/java/cbit/vcell/microscopy/FrapDataAnalysisResults.java,"This file defines a Java class named FrapDataAnalysisResults. It contains two nested classes, DiffusionOnlyAnalysisRestults and ReactionOnlyAnalysisRestults, each containing several methods for setting and getting various parameters related to fluorescence recovery after photobleaching (FRAP) experiments. The parameters include recovery time (tau), diffusion rate, mobile fraction, bleach type, and fitting expressions. The class also includes a method for validating parameters within their bounds.",No,,Yes,,,
cloned/vcell/vcell-core/src/main/java/cbit/vcell/client/desktop/biomodel/pathway/shapes/BioPaxInteractionParticipantShape.java,"This file defines a Java class for visualizing and interacting with biological pathways. It defines a class BioPaxInteractionParticipantShape that represents a participant in a biological interaction, extending an EdgeShape. The class defines methods for calculating the curve of the interaction participant, refreshing the layout, painting the interaction participant, and creating a visual state. It also defines methods for handling interactions and labels.",No,,Yes,,,
cloned/vcell/vcell-core/src/main/java/cbit/vcell/geometry/surface/GeometricRegion.java,"This file defines the GeometricRegion class, which is part of the VCell simulation software. It provides a base class for geometric regions in a 3D space, with properties for name, adjacent geometric regions, size, and size unit. However, it does not define any REST API endpoints.",No,,Yes,,,
cloned/vcell/vcell-core/src/main/java/cbit/vcell/message/server/cmd/CommandServiceSsh_sshj.java,"This Java code defines a REST API service using SSH for remote command execution. It provides functionalities to execute commands on a remote server, retrieve the output, and handle errors. The service uses SSH for secure communication and provides functionalities to push files to a remote server and delete files from it.",Yes,,Yes,,,
cloned/vcell/vcell-core/src/main/java/uk/ac/ebi/www/webservices/chebi/StructureDataItem.java,"This file defines the StructureDataItem class, which represents a structure data item in the context of a web service. It includes properties for structure, type, dimension, default structure, and comments. The class also includes methods for getting and setting these properties, as well as methods for comparing objects and generating their hash codes.",No,,Yes,,,
cloned/vcell/vcell-server/src/main/java/cbit/vcell/modeldb/BioModelSimulationLinkTable.java,This code defines a Java class named 'BioModelSimulationLinkTable' that extends the 'Table' class from the 'cbit.sql' package. It defines two fields 'biomodelRef' and 'simRef' which are of type integer. The class also includes methods for handling SQL queries and data manipulation.,No,,Yes,,,
cloned/vcell/vcell-api/src/main/java/org/vcell/rest/server/BiomodelVCMLServerResource.java,"This Java file defines a REST API for VCell, a computational platform for modeling and simulating biological systems. The API provides endpoints for retrieving VCML (VCell Modeling Language) files associated with biomodels. The API uses HTTP GET method to retrieve the VCML file.",Yes,,Yes,,,
cloned/vcell/vcell-client/src/main/java/org/vcell/util/gui/DateRenderer.java,This file contains a Java class that extends DefaultScrollTableCellRenderer. It provides custom rendering for Date objects and Long values in a JTable. The class also includes utility methods for formatting dates and padding numbers.,Yes,,Yes,,,
cloned/vcell/vcell-client/src/main/java/cbit/vcell/microscopy/batchrun/gui/addFRAPdocWizard/RoiForErrorPanel.java,"This file defines a GUI panel for visualizing and selecting regions of interest (ROIs) for error calculation in a microscopy application. It includes checkboxes for selecting different types of ROIs, such as ROI_Bleached, ROI_Bleached_RING1, ROI_Bleached_RING2, etc., and a panel for visualizing the selected ROIs. The application also provides functionalities for error calculation based on the selected ROIs.",Yes,,Yes,,,
cloned/vcell/vcell-client/src/main/java/cbit/vcell/client/configuration/GeneralConfigurationPanel.java,"This Java code defines a GUI panel for general configuration settings in a simulation software. It provides information about the installation directory, VCell home directory, simulation data directory, log data directory, local solvers directory, and other related directories. The information is displayed in a grid layout with two columns, each containing a label describing the directory and its location. The GUI panel is used in the VCell software for configuration and management of simulation settings.",Yes,,Yes,,,
cloned/vcell/vcell-client/src/main/java/cbit/vcell/mapping/gui/MolecularStructuresPropertiesPanel.java,"This Python file defines a GUI application for visualizing and manipulating molecular structures within a biological model. It provides a user interface for zooming in and out of the molecular structures, and for selecting and deselecting different components within the structures. The application also allows for the selection of different species contexts and the display of associated information.",No,,No,,,
cloned/qserv/src/www/qserv/js/StatusReplicationLevel.js,"This JavaScript file defines a class named StatusReplicationLevel that extends FwkApplication. It defines several methods for handling HTTP requests and responses related to the status of replication levels in a Qserv database. The class also includes methods for initializing the page layout, loading data from a web service, and rendering it to the application's page.",Yes,,Yes,,,
cloned/tasking-manager/frontend/src/components/contributions/tests/taskCard.test.js,"This file contains tests for the TaskCard component. It tests various states of the task, including MAPPED, VALIDATED, BADIMAGERY, LOCKED_FOR_VALIDATION, INVALIDATED, and READY. The tests use the @testing-library/react library for rendering the component and checking its behavior in different states.",No,,Yes,,,
cloned/kubemq-targets/targets/aws/s3/client_test.go,"This API provides functionalities for interacting with AWS S3 buckets. It includes functionalities for creating, listing, uploading, downloading, copying, deleting items and buckets. It also supports waiting for completion of certain operations.",Yes,,Yes,,,
cloned/kubemq-targets/targets/cache/redis/metadata.go,"This package provides a set of functions and types related to Redis operations. It includes functions for parsing metadata, handling concurrency and consistency, and interacting with Redis databases.",Yes,,Yes,,,
cloned/kubemq-targets/targets/stores/mysql/metadata.go,"This package provides utility functions for handling database operations in a MySQL database. It includes functions for parsing metadata and converting isolation levels. However, it does not define any REST API endpoints.",No,,Yes,,,
cloned/vmaas/vmaas/reposcan/test/test_exporter.py,"This Python file contains unit tests for the exporter module. It tests the database dump, checks the predefined content, package names, updates, evr, package details, repo data, errata, modules, and source package to binary packages mapping.",No,,Yes,,,
cloned/explorer/harvester/py-substrate-interface/setup.py,"This Python project is a library for interfacing with a Substrate node. It provides a set of tools for interacting with a Substrate-based blockchain, including RPC calls and data manipulation. The project is maintained by the Polkascan Foundation.",No,,Yes,,,
cloned/jag-file-submission/src/backend/libs/efiling-commons/src/main/java/ca/bc/gov/open/jag/efilingcommons/service/EfilingLookupService.java,"This Java interface defines a set of methods for interacting with a service related to e-filing. It provides methods for fetching service fees, valid party roles, and countries code table lookups. The service may be used to manage e-filing submissions and fees.",No,,Yes,,,
cloned/sample-spring-microservices-new/gateway-service/src/main/java/pl/piomin/services/gateway/GatewayApplication.java,This Spring Boot application is a REST API Gateway using Spring Cloud Gateway. It routes requests to other microservices based on the route definitions. The microservices are identified by their names and their APIs are documented separately.,Yes,,Yes,,,
cloned/kontext/lib/plugins/export/default_jsonl.py,"This Python script defines a class named JSONLExport that provides functionality for exporting various KonText data sets to JSONL format. It includes methods for writing concordance, collocation, frequency, paradigmatic query, and keyword data, as well as a wordlist. The class is instantiated with a Babel Locale object and provides methods for writing data to a JSONL document.",No,,Yes,,,
cloned/kontext/lib/action/model/corpus.py,"This Python script defines a set of classes and functions for managing and interacting with corpora, including corpus-related functionality. It also includes methods for handling user access rights and query persistence.",No,,Yes,,,
cloned/kontext/lib/action/plugin/ctx/__init__.py,"This Python file defines several abstract base classes for plugins, including AbstractBasePluginCtx, AbstractUserPluginCtx, AbstractCorpusPluginCtx, AbstractPqueryPluginCtx, and AbstractWordlistPluginCtx. These classes are used to define the behavior of plugins in a corpus-based application.",No,,Yes,,,
cloned/golang-200/vendor/github.com/sirupsen/logrus/alt_exit.go,This GoLang package provides logging functionality and graceful exit handling. It includes a function to register exit handlers.,No,,Yes,,,
cloned/golang-200/vendor/github.com/sirupsen/logrus/hooks/syslog/syslog_test.go,This file is a test for the syslog package. It tests the functionality of the syslog package by sending a message to localhost's syslog service.,No,,Yes,,,
cloned/golang-200/vendor/gopkg.in/urfave/cli.v1/context_test.go,"This file contains tests for a Go package named 'cli'. It tests various functionalities of the package, including flag parsing, type assertion, and environment variable handling. It does not define any explicit REST API endpoints.",No,,Yes,,,
cloned/golang-200/vendor/golang.org/x/crypto/openpgp/packet/encrypted_key_test.go,"This file contains a set of cryptographic functions and tests for them. It includes functions for reading and writing encrypted key packets, as well as tests for decrypting an encrypted key and encrypting an encrypted key.",No,,Yes,,,Ye
cloned/golang-200/vendor/golang.org/x/sys/unix/types_dragonfly.go,"This file defines a set of Go constants, types, and functions related to Unix system calls and network programming. It does not explicitly define any REST API endpoints.",No,,Yes,,,
cloned/taskcluster/tools/worker-runner/provider/azure/azure.go,"This file defines the AzureProvider struct and related methods for a taskcluster worker. It interacts with the taskcluster metadata service to fetch instance data and attested documents. It also provides methods for configuring the run, getting worker identity proof, and handling worker start and finish events. The AzureProvider is intended to be used with worker-manager providers using providerType 'azure'. The worker location defined by this provider includes cloud (azure), region, and other metadata.",No,,Yes,,,
cloned/taskcluster/clients/client-go/tcworkermanagerevents/types.go,"This file defines the Taskcluster worker management events. It includes messages for worker pool launch configs, workers requested/running/stopped, workers being removed, and worker pools being created/changed/deleted. The messages are emitted as pulses and contain information about the worker pool, worker, and launch configuration.",No,,Yes,,,
cloned/taskcluster/clients/client-py/taskcluster/generated/aio/githubevents.py,"This Python file defines a REST API client for the Github service. It uses asynchronous client to interact with the Github service and publish messages to various exchanges based on Github events. The API provides endpoints for handling GitHub pull requests, pushes, releases, re-runs, and task group creation requests.",Yes,,Yes,,,
cloned/taskcluster/services/queue/src/workerinfo.js,"This file defines a class named WorkerInfo. The class is used to manage and update worker information in a PostgreSQL database. It provides methods to mark values as seen, expire old entries, and mark tasks as seen. The class is used in the context of a Taskcluster system.",Yes,,Yes,,,
cloned/cds/engine/cdn/status_handler.go,"This file defines a Go service for a Content Delivery Network (CDN). It provides functionalities related to content storage, retrieval, and monitoring. However, it does not define any explicit REST API endpoints.",Yes,,Yes,,,
cloned/cds/engine/hooks/variable.go,This code defines a set of constants related to Git and CDS events. It does not define any REST API endpoints.,No,,Yes,,,
cloned/cds/engine/vcs/gitea/client_event.go,"This code defines a Gitea client that interacts with a Gitea server. It provides functionalities to get events from a repository, including push, create, delete, and pull request events. However, it does not define explicit REST API endpoints.",Yes,,Yes,,,
cloned/cds/engine/api/repositories_manager_test.go,"This API provides functionalities for managing repositories and their associated workflows. It includes functionalities for attaching and detaching repositories from workflows, as well as managing the workflows themselves. The API is designed to interact with a VCS (Version Control System) server, which is responsible for managing the repositories and their branches. The API also interacts with a task scheduler to manage workflow runs. The API is designed to be used in a microservices architecture, with each service interacting with the API as needed.",Yes,,Yes,,,
cloned/cds/engine/api/workermodel/filter.go,"This file defines the LoadFilter and StateFilter structs, which are used to filter worker models in the CDS (Continuous Delivery System). The SQL and Args methods are used to generate SQL queries based on the filter parameters. The StateFilter IsValid method checks if the given state filter is valid. The const values for StateFilter indicate the possible states of a worker model.",No,,Yes,,,
cloned/cds/engine/api/worker/dao.go,"This file contains the implementation of the worker model and its database operations. It provides functionalities to manage workers, including CRUD operations, loading workers by various criteria, and handling dead workers. The worker model is used by the CDS (Continuous Delivery System) to execute jobs on different environments.",Yes,,Yes,,,
cloned/cds/ui/src/app/views/workflow/graph/workflow.graph.component.ts,"This file defines a complex Angular component named 'WorkflowGraphComponent'. It is responsible for visualizing a workflow graph, which is a complex data structure that includes nodes and edges. The component also handles zooming and resizing of the graph, and it provides a variety of user interactions such as clicking on the graph origin and escaping from link join mode. The component also creates and manages components for nodes and hooks, and it handles the creation of edges between nodes. The overall system may use this component to visualize workflows.",Yes,,Yes,,,
cloned/cds/ui/src/app/shared/project-breadcrumb/project-breadcrumb.component.ts,"This Angular component provides a breadcrumb-like interface for displaying project information. It provides methods to get query parameters for different types of project information, such as pipelines, applications, environments, and actions. The query parameters can be used to filter and sort the displayed information.",No,,Yes,,,
cloned/cds/sdk/action_parser_test.go,"This file defines a set of tests for a Go SDK. It includes tests for various operations such as variable parsing, boolean expressions, function usage, and more. It also includes tests for various operations such as equality, greater than, less than, and more.",Yes,,Yes,,,
cloned/cds/sdk/exportentities/v2/workflow.go,"This file defines a Go package named 'v2' for a CDS (Continuous Delivery System) project. It includes struct definitions for VariableValue, Workflow, WorkflowProjectIntegrationEntry, NodeEntry, ConditionEntry, PlainConditionEntry, HookEntry, and several functions for workflow creation and manipulation. It also includes several helper functions for workflow validation and processing.",No,,Yes,,,
cloned/cds/sdk/cdsclient/client_region.go,"This Go code defines a client for a RESTful API that manages regions. The API provides endpoints for adding, getting, listing, and deleting regions. The paths include '/v2/region' for managing regions, and '/v2/region/<regionIdentifier>' for managing a specific region.",Yes,,Yes,,,
cloned/clamp/src/main/java/org/onap/clamp/loop/cds/CdsDataInstaller.java,This Python script defines a set of classes and methods related to the installation and update of CDS data in the service model properties. It uses Spring Boot's @Component annotation to mark it as a Spring Bean. It also uses Spring's @Transactional annotation for transaction management.,No,,No,,,
cloned/jhipster-microservices-example/registry/src/main/webapp/app/registry/replicas/replicas.component.ts,This Angular application interacts with a REST API to manage and display replicas. It uses HTTP methods like GET and POST to fetch and update data. The application also subscribes to the refresh service to reload data when a refresh event is triggered.,No,,Yes,,,
cloned/jhipster-microservices-example/registry/src/main/java/io/github/jhipster/registry/web/rest/RoutesResource.java,This Java code defines a REST API with two endpoints. The first endpoint is a GET request to '/api/routes' which returns a list of all routes in the system. The second endpoint is a GET request to '/api/routes/{id}' which returns details about a specific route.,Yes,,Yes,,,
cloned/mantis/mantis-common/src/main/java/io/reactivx/mantis/operators/DropOperator.java,"This file defines a custom operator for RxJava that drops elements from an Observable based on the request count. It also provides metrics for tracking the number of onNext, onError, onComplete, and dropped events.",No,,Yes,,,
cloned/mantis/mantis-server/mantis-server-agent/src/main/java/io/mantisrx/server/agent/Hardware.java,"This Python script provides hardware-related information about the computer executing the running JVM. It provides information about the number of CPU cores, the size of the disk, and the size of the physical memory. It uses different methods to determine these properties depending on the operating system.",No,,No,,,
cloned/mantis/mantis-control-plane/mantis-control-plane-store/mantis-control-plane-store-dynamodb/src/test/java/io/mantisrx/server/master/store/DynamoStoreTest.java,"This Python file contains JUnit tests for a DynamoDB store. It tests various operations such as upsert, get, delete, and get all operations. The tests are run against a local instance of DynamoDB, which is set up and torn down before and after each test. The tests also test the handling of more than 25 items.",Yes,,No,,,
cloned/phoenix/tests/e2e/support/objects/app-admin-settings/spaces/index.ts,"This code defines a Spaces class that interacts with spaces in a system. It provides methods for getting space UUIDs, getting displayed spaces, getting a space, changing space quota, disabling spaces, enabling spaces, deleting spaces, selecting spaces, renaming spaces, changing space subtitles, opening space admin sidebar panels, opening space admin action sidebar panels, and listing space members. The interactions with spaces could be part of a REST API.",No ,,Yes,,,
cloned/phoenix/packages/web-pkg/tests/unit/composables/webWorkers/pasteWorker/worker.spec.ts,This file contains tests for a web worker that handles file transfers between different spaces in the OwnCloud system. It tests the webdav copy and move operations.,Yes,,Yes,,,
cloned/phoenix/packages/web-pkg/src/composables/actions/files/useFileActionsEmptyTrashBin.ts,This file defines a Vue.js component that manages file actions related to emptying the trash bin. It interacts with the server through the webdav client service and uses Pinia stores for state management.,Yes,,Yes,,,
cloned/phoenix/packages/web-pkg/src/composables/piniaStores/extensionRegistry/extensionRegistry.ts,"This code defines a Pinia store named 'extensionRegistry'. It provides methods for registering, unregistering, and requesting extensions and extension points. The store is used to manage and interact with extensions and extension points in a Vue.js application.",No,,Yes,,,
cloned/explore-flink/docker/ops-playground-image/java/explore-flink/src/test/java/org/sense/flink/pojo/PointTest.java,,No,,Yes,,,
cloned/alibabacloud-microservice-demo/mse-go-demo/grpc/b-server/main.go,This service is a gRPC server that listens on port 50052. It communicates with another service 'go-c-service' on port 50053. The 'BMethod' calls 'CMethod' on the other service.,Yes,,Yes,,,
cloned/loop/loopdb/migration_03_last_hop.go,"This file contains a set of utility functions for database migration in the loopdb package. It includes a function to migrate the database to v03, replacing the never used loop in channel by a last hop pubkey.",Yes,,Yes,,,
cloned/loop/instantout/reservation/fsm.go,"This file defines a reservation state machine using a finite state machine (FSM) with several states and events. The reservation is initiated by the server, and it transitions through various states such as WaitForConfirmation, Confirmed, TimedOut, Failed, Spent, and Locked. The reservation can also be recovered from a restart. The file also includes actions for each state such as InitAction, SubscribeToConfirmationAction, AsyncWaitForExpiredOrSweptAction, and more. The reservation state and details are updated in the database after each state transition.",No,,Yes,,,
cloned/microservices-design-patterns/authentication-service/src/main/java/com/microservice/authentication/controller/JwksSymmetricController.java,This Java Spring Boot microservice provides a JWK (JSON Web Key) endpoint at '/.well-known/jwks.json'. The endpoint returns a JSON Web Key Set (JWKSet) containing a symmetric key used for JWT (JSON Web Token) signature verification. This key is configured based on the 'authenticationProperties' and is not exposed in the production environment.,Yes,,Yes,,,
cloned/microservices-design-patterns/quarkus-service/src/test/java/com/microservice/quarkus/CompanyResourceTest.java,"This Quarkus application provides a RESTful API for managing companies. It includes endpoints for creating, retrieving, updating, and deleting companies. The API also includes endpoints for user authentication and authorization.",Yes,,Yes,,,
cloned/microservices-design-patterns/react-webapp/src/company/CompanyList.js,"This file defines a React component named CompanyList. It is a part of the company management system. It uses React, reactstrap, react-router-dom, and other libraries for UI components. It provides functionalities to view, add, edit, and delete companies. It also includes features for searching, pagination, and error handling.",Yes,,Yes,,,
cloned/opengever.core/plonetheme/teamraum/browser/customstyles.py,"This Python file defines a set of views for a Plone-based website. It includes views for custom logos, custom styles, and a view for managing site styles. The views are used to handle HTTP requests and return HTTP responses.",No,,Yes,,,
cloned/opengever.core/opengever/bundle/tests/test_section_constructor.py,"This Python file contains a set of unit tests for the opengever.bundle package. It tests the functionality of the ConstructorSection class, which is responsible for constructing objects from a bundle of data. It also tests the functionality of the MockTransmogrifier and MockBundle classes, which are used for testing purposes. The tests cover a wide range of scenarios, including testing the creation of objects with different languages, the creation of simple objects, the handling of unicode titles, the population of the path_by_refnum_cache, and the setting of the bundle guid on the object. The tests also cover the creation of emails using the ftw.mail.mail type.",No,,Yes,,,
cloned/opengever.core/opengever/api/tests/test_forwarding.py,"This Python file defines integration tests for the opengever.inbox.inbox content type. It tests various aspects of the inbox including forwardings, responses, and transitions. The tests are written using the ftw.testbrowser package, which allows for the creation of browser instances that can interact with the Plone content management system.",No,,Yes,,,
cloned/opengever.core/opengever/base/tests/test_wizard_storage.py,"This Python file contains unit tests for the WizardDataStorage class in the opengever.base.browser.wizard.storage module. It tests various functionalities related to wizard data storage, including user-specific storage, data expiration, and data manipulation.",No,,Yes,,,
cloned/FightPandemics/client/src/pages/OrganisationProfile.js,"This file defines a React component for displaying an organisation's profile. It includes functionalities for viewing, editing, and managing posts. It also includes features for social media links, email, and location.",Yes,,Yes,,,
cloned/moira/filter/patterns_storage.go,"This file defines the PatternStorage struct and its methods, which are used for handling and processing metrics based on predefined patterns. It includes functionalities for refreshing the pattern storage, processing incoming metrics, and matching patterns.",No,,Yes,,,
cloned/moira/mock/moira-alert/mutex.go,,No,,Yes,,,